plot,Rep,Range,Row,Genotype,pedigree,Plot,leaf1,leaf2,QC,leafave
EL18_4101,1,9,26,Ames23463,A627,4101,9.45,6.595,keep,8.0225
EL18_4102,1,9,27,PI587144,Mo24W,4102,8.704,7.851,keep,8.2775
EL18_4103,1,9,28,Ames19323,OH7B,4103,11.835,8.445,keep,10.14
EL18_4104,1,9,29,PI601780,PHN29,4104,28.553,22.186,keep,25.3695
EL18_4105,1,9,30,PI595367,N215,4105,11.984,7.888,keep,9.936
EL18_4106,1,9,31,PI565111,PHV57,4106,18.169,14.862,keep,16.5155
EL18_4107,1,9,32,PI601493,LH149,4107,19.267,15.641,keep,17.454
EL18_4108,1,9,33,PI559941,PHHV4,4108,27.649,25.279,keep,26.464
EL18_4109,1,9,34,PI601573,PHT10,4109,15.125,12.135,keep,13.63
EL18_4110,1,9,35,PI587132,Sg 1533,4110,14.9,13.5,keep,14.2
EL18_4111,1,9,36,PI527700,B91,4111,8.01,6.912,keep,7.461
EL18_4112,1,9,37,Ames27192,Va14,4112,11.798,11.362,keep,11.58
EL18_4113,1,9,38,Ames22751,H114,4113,17.347,10.192,keep,13.7695
EL18_4114,1,9,39,PI601300,4676A,4114,13.27,10.204,keep,11.737
EL18_4115,1,9,40,Ames23396,A155,4115,23.198,19.854,keep,21.526
EL18_4116,1,9,41,PI601361,PHR36,4116,19.025,17.804,keep,18.4145
EL18_4117,1,9,42,Ames22443,A188,4117,14.108,12.309,keep,13.2085
EL18_4118,1,9,43,PI391680,WU-TAN-TZAO,4118,8.046,8.006,keep,8.026
EL18_4119,1,9,44,NSL32723,ND1,4119,12.731,9.346,keep,11.0385
EL18_4120,1,9,45,PI565109,PHN41,4120,14.459,11.285,keep,12.872
EL18_4121,1,9,46,PI564852,B101,4121,11.976,11.661,keep,11.8185
EL18_4122,1,9,47,Ames23424,A340,4122,13.979,12.121,keep,13.05
EL18_4123,1,9,48,PI601563,87916W,4123,19.914,16.257,keep,18.0855
EL18_4124,1,9,49,PI565100,PHAW6,4124,23.349,21.206,keep,22.2775
EL18_4125,1,9,50,NSL30884,R134,4125,20.202,11.181,delete,15.6915
EL18_4126,1,9,51,Ames20140,Mt42,4126,16.136,11.511,keep,13.8235
EL18_4127,1,9,52,PI558516,Mo7,4127,19.538,17.398,keep,18.468
EL18_4128,1,9,53,PI601404,LH60,4128,11.552,9.854,keep,10.703
EL18_4129,1,9,54,NSL30071,W32,4129,19.588,12.72,keep,16.154
EL18_4130,1,9,55,PI600959,LH145,4130,11.63,10.773,keep,11.2015
EL18_4131,1,9,56,NSL30894,R177,4131,16.533,9.895,keep,13.214
EL18_4132,1,9,57,PI591017,KO679Y,4132,30.189,25.274,keep,27.7315
EL18_4133,1,10,57,PI557557,912,4133,15.172,14.786,keep,14.979
EL18_4134,1,10,56,Ames30568,W811G,4134,19.726,18.909,keep,19.3175
EL18_4135,1,10,55,PI594080,N534,4135,14.674,9.544,keep,12.109
EL18_4136,1,10,54,NSL30038,K4,4136,14.416,14.049,keep,14.2325
EL18_4137,1,10,53,PI607522,A662,4137,17.169,15.346,keep,16.2575
EL18_4138,1,10,52,Ames27081,CML103,4138,17.948,16.822,keep,17.385
EL18_4139,1,10,51,Ames23451,A572,4139,12.776,12.269,keep,12.5225
EL18_4140,1,10,50,PI601037,PHG80,4140,26.289,23.743,keep,25.016
EL18_4141,1,10,49,PI601560,2MA22,4141,21.315,20.068,keep,20.6915
EL18_4142,1,10,48,PI221773,A415-1-3 INBRED,4142,8.777,8.652,keep,8.7145
EL18_4143,1,10,47,PI601416,LH61,4143,21.601,16.19,keep,18.8955
EL18_4144,1,10,46,Ames27031,CM99,4144,13.976,10.658,keep,12.317
EL18_4145,1,10,45,PI564754,3IIH6,4145,15.104,12.233,keep,13.6685
EL18_4146,1,10,44,Ames27107,CO255,4146,23.439,20.812,keep,22.1255
EL18_4147,1,10,43,Ames27069,CH701-30,4147,27.673,22.866,keep,25.2695
EL18_4148,1,10,42,PI550490,ND246,4148,16.87,12.056,keep,14.463
EL18_4149,1,10,41,PI548802,PHN66,4149,18.732,18.555,keep,18.6435
EL18_4150,1,10,40,PI564542,LH184,4150,19.389,18.721,keep,19.055
EL18_4151,1,10,39,PI601230,LH150,4151,24.481,21.829,keep,23.155
EL18_4152,1,10,38,PI597927,B109,4152,19.282,17.872,keep,18.577
EL18_4153,1,10,37,PI601442,PHG86,4153,15.501,14.386,keep,14.9435
EL18_4154,1,10,36,Ames24733,MS142,,,,,
EL18_4155,1,10,35,NSL65863,B7,4155,21.083,20.424,keep,20.7535
EL18_4156,1,10,34,PI601079,LH123HT,4156,25.771,16.765,delete,21.268
EL18_4157,1,10,33,PI391678,TZU-CHIAO-HSI-WU 105,4157,18.061,14.759,keep,16.41
EL18_4158,1,10,32,NSL65873,L317,4158,33.717,32.434,keep,33.0755
EL18_4159,1,10,31,Ames27137,N6,4159,10.38,9.722,keep,10.051
EL18_4160,1,10,30,Ames27134,M162W,4160,14.666,12.719,keep,13.6925
EL18_4161,1,10,29,PI415086,4578 INBRED,4161,20.135,11.225,delete,15.68
EL18_4162,1,10,28,PI594049,B106,4162,15.938,11.681,keep,13.8095
EL18_4163,1,10,27,PI565112,PHW53,4163,17.85,15.021,keep,16.4355
EL18_4164,1,10,26,Ames24750,MS225,4164,18.422,9.329,delete,13.8755
EL18_4165,1,11,26,PI596357,N218,4165,9.391,8.538,keep,8.9645
EL18_4166,1,11,27,PI600944,LH39,4166,21.933,20.523,keep,21.228
EL18_4167,1,11,28,PI601569,PHN47,4167,23.303,23.156,keep,23.2295
EL18_4168,1,11,29,NSL30878,R101,4168,16.174,15.541,keep,15.8575
EL18_4169,1,11,30,PI601492,793,4169,12.44,9.051,keep,10.7455
EL18_4170,1,11,31,PI601171,LH93,4170,15.043,11.571,keep,13.307
EL18_4171,1,11,32,Ames27117,Ia5125B,4171,22.052,20.708,keep,21.38
EL18_4172,1,11,33,Ames30574,W817G,4172,27.135,24.088,keep,25.6115
EL18_4173,1,11,34,PI594050,N501,4173,13.258,9.141,keep,11.1995
EL18_4174,1,11,35,PI587155,W182BN,4174,11.195,9.338,keep,10.2665
EL18_4175,1,11,36,PI565106,PHJR5,4175,17.69,17.006,keep,17.348
EL18_4176,1,11,37,Ames27174,NC356,4176,11.995,8.601,keep,10.298
EL18_4177,1,11,38,Ames22441,CH157,4177,20.247,15.822,keep,18.0345
EL18_4178,1,11,39,PI601440,MBPM,4178,25.835,19.012,keep,22.4235
EL18_4179,1,11,40,Ames22794,ABPl5,4179,8.857,7.952,keep,8.4045
EL18_4180,1,11,41,NSL30872,R71,4180,11.118,9.067,keep,10.0925
EL18_4181,1,11,42,PI559945,PHPR5,4181,12.881,11.498,keep,12.1895
EL18_4182,1,11,43,PI550555,NC250,4182,15.221,9.673,keep,12.447
EL18_4183,1,11,44,PI607512,N7A,4183,13.107,8.032,keep,10.5695
EL18_4184,1,11,45,PI340818,G3 T5a,4184,37.915,26.567,delete,32.241
EL18_4185,1,11,46,PI391676,TUO229,4185,24.432,17.17,keep,20.801
EL18_4186,1,11,47,PI601374,764,,,,,
EL18_4187,1,11,48,PI537097,LH195,4187,11.852,9.479,keep,10.6655
EL18_4188,1,11,49,PI583352,Mo47,4188,21.685,17.655,keep,19.67
EL18_4189,1,11,50,PI601729,W8555,4189,21.062,15.952,keep,18.507
EL18_4190,1,11,51,PI186227,INBRED 309,4190,14.46,12.925,keep,13.6925
EL18_4191,1,11,52,PI601319,PHG72,4191,31.098,26.884,keep,28.991
EL18_4192,1,11,53,PI531083,Pa891,4192,19.561,17.55,keep,18.5555
EL18_4193,1,11,54,PI608774,B75,4193,20.565,16.066,keep,18.3155
EL18_4194,1,11,55,PI610494,NY6371,4194,22.421,10.476,delete,16.4485
EL18_4195,1,11,56,Ames19321,N28,,,,,
EL18_4196,1,11,57,PI601417,NS701,4196,12.853,12.165,keep,12.509
EL18_4197,1,12,57,PI601458,IBB15,4197,15.74,9.189,keep,12.4645
EL18_4198,1,12,56,PI550489,ND245,4198,16.857,15.549,keep,16.203
EL18_4199,1,12,55,PI601497,PHN11,4199,25.181,20.261,keep,22.721
EL18_4200,1,12,54,PI508277,SD42,,,,,
EL18_4201,1,12,53,NSL65874,Os420,4201,13.948,12.93,keep,13.439
EL18_4202,1,12,52,PI568158,N199,4202,12.548,9.37,keep,10.959
EL18_4203,1,12,51,PI543843,PHN34,4203,14.953,14.171,keep,14.562
EL18_4204,1,12,50,PI601489,740,4204,22.622,11.871,delete,17.2465
EL18_4205,1,12,49,Ames22757,Pa405,4205,17.392,13.777,keep,15.5845
EL18_4206,1,12,48,NSL30896,R181B,4206,17.326,16.128,keep,16.727
EL18_4207,1,12,47,PI186196,INBRED 109,4207,13.583,12.941,keep,13.262
EL18_4208,1,12,46,Ames30576,W819G,4208,15.934,8.622,keep,12.278
EL18_4209,1,12,45,PI548799,PHJ90,4209,23.446,13.428,delete,18.437
EL18_4210,1,12,44,Ames30570,W813G,4210,12.402,11.63,keep,12.016
EL18_4211,1,12,43,PI564755,LH183,4211,12.162,11.521,keep,11.8415
EL18_4212,1,12,42,PI558523,Mo5,4212,6.988,5.996,keep,6.492
EL18_4213,1,12,41,PI558518,Mo15W,4213,18.521,17.956,keep,18.2385
EL18_4214,1,12,40,PI594091,N545,4214,14.608,10.691,keep,12.6495
EL18_4215,1,12,39,PI601190,Q381,4215,21.077,14.569,keep,17.823
EL18_4216,1,12,38,Ames26604,38-11,4216,10.818,6.201,keep,8.5095
EL18_4217,1,12,37,PI564752,MM501D,4217,20.125,17.034,keep,18.5795
EL18_4218,1,12,36,Ames24751,MS226,4218,14.2,12.672,keep,13.436
EL18_4219,1,12,35,PI546482,FBLA,4219,10.759,8.862,keep,9.8105
EL18_4220,1,12,34,PI559946,PHR30,4220,12.614,10.315,keep,11.4645
EL18_4221,1,12,33,PI600958,FAPW,4221,14.552,9.921,keep,12.2365
EL18_4222,1,12,32,PI550467,B37,4222,12.433,12.196,keep,12.3145
EL18_4223,1,12,31,PI600957,LH74,4223,14.382,14.127,keep,14.2545
EL18_4224,1,12,30,PI543847,PHV07,4224,11.082,8.849,keep,9.9655
EL18_4225,1,12,29,NSL65864,B8,4225,14.79,10.915,keep,12.8525
EL18_4226,1,12,28,Ames24747,MS222,4226,23.779,19.499,keep,21.639
EL18_4227,1,12,27,PI601777,PHK35,4227,8.957,4.625,keep,6.791
EL18_4228,1,12,26,NSL32726,ND167,4228,11.265,10.026,keep,10.6455
EL18_4229,1,13,26,PI542716,NP87,4229,6.177,3.656,keep,4.9165
EL18_4230,1,13,27,Ames27053,CO258,4230,9.434,7.2,keep,8.317
EL18_4231,1,13,28,PI601501,PHW65,4231,8.657,3.617,keep,6.137
EL18_4232,1,13,29,PI186226,INBRED 305,,,,,
EL18_4233,1,13,30,PI538007,LH127,4233,24.955,24.079,keep,24.517
EL18_4234,1,13,31,Ames22767,W59E,,,,,
EL18_4235,1,13,32,PI555650,LIBC4,4235,32.149,26.847,keep,29.498
EL18_4236,1,13,33,NSL30065,W9,4236,12.126,10.796,keep,11.461
EL18_4237,1,13,34,Ames24710,MS67,4237,32.096,31.007,keep,31.5515
EL18_4238,1,13,35,PI257513,F115,4238,11.569,10.218,keep,10.8935
EL18_4239,1,13,36,PI595550,CML 277,4239,14.231,7.061,keep,10.646
EL18_4240,1,13,37,Ames20116,Mo23W,4240,11.765,10.221,keep,10.993
EL18_4241,1,13,38,PI543840,PHJ65,4241,14.353,8.6,keep,11.4765
EL18_4242,1,13,39,Ames19327,Tx303,4242,13.322,11.203,keep,12.2625
EL18_4243,1,13,40,PI566938,CQ702rc,4243,18.377,18.038,keep,18.2075
EL18_4244,1,13,41,PI601006,PHG50,4244,16.902,13.958,keep,15.43
EL18_4245,1,13,42,Ames22756,Os426,4245,15.625,14.625,keep,15.125
EL18_4246,1,13,43,Ames27124,Ki11,4246,20.745,16.159,keep,18.452
EL18_4247,1,13,44,NSL22634,K155,4247,18.463,12.941,keep,15.702
EL18_4248,1,13,45,PI601496,PHK76,4248,24.27,20.736,keep,22.503
EL18_4249,1,13,46,Ames23430,A401,4249,11.741,9.726,keep,10.7335
EL18_4250,1,13,47,Ames30553,W601S,4250,7.333,6.354,keep,6.8435
EL18_4251,1,13,48,PI594047,B104,4251,20.749,10.794,delete,15.7715
EL18_4252,1,13,49,PI601566,MBST,4252,27.324,18.804,delete,23.064
EL18_4253,1,13,50,PI583774,ML606,4253,18.617,16.865,keep,17.741
EL18_4254,1,13,51,PI578029,PHBB3,4254,11.623,10.91,keep,11.2665
EL18_4255,1,13,52,PI559949,PHT69,4255,25.914,22.649,keep,24.2815
EL18_4256,1,13,53,Ames28953,CI92,4256,21.494,18.015,keep,19.7545
EL18_4257,1,13,54,PI601558,11430,4257,14.265,8.95,keep,11.6075
EL18_4258,1,13,55,PI509542,B89,4258,11.513,11.344,keep,11.4285
EL18_4259,1,13,56,PI542777,HP72-11,4259,18.625,16.695,keep,17.66
EL18_4260,1,13,57,PI559918,NQ508,4260,19.658,8.913,delete,14.2855
EL18_4261,1,14,57,Ames27067,C49A,4261,12.202,11.292,keep,11.747
EL18_4262,1,14,56,PI600772,FR19,4262,14.695,11.794,keep,13.2445
EL18_4263,1,14,55,PI601684,WIL900,4263,20.213,6.44,delete,13.3265
EL18_4264,1,14,54,NSL30868,R30,4264,12.589,11.517,keep,12.053
EL18_4265,1,14,53,PI538010,LH206,4265,17.527,16.396,keep,16.9615
EL18_4266,1,14,52,PI601170,LH82,4266,17.031,13.72,keep,15.3755
EL18_4267,1,14,51,PI564682,B97,4267,23.019,21.728,keep,22.3735
EL18_4268,1,14,50,NSL30056,W703,4268,16.902,16.384,keep,16.643
EL18_4269,1,14,49,PI564539,LH166,4269,28.062,26.679,keep,27.3705
EL18_4270,1,14,48,Ames24734,MS153,4270,25.827,12.638,delete,19.2325
EL18_4271,1,14,47,PI587151,Va102,4271,31.274,31.041,keep,31.1575
EL18_4272,1,14,46,NSL30869,R53,4272,23.144,18.265,keep,20.7045
EL18_4273,1,14,45,PI559940,PHGW7,4273,16.895,13.618,keep,15.2565
EL18_4274,1,14,44,Ames19316,CM174,4274,13.888,12.313,keep,13.1005
EL18_4275,1,14,43,PI601726,L127,4275,18.422,17.503,keep,17.9625
EL18_4276,1,14,42,NSL42873,A12,4276,7.451,7.017,keep,7.234
EL18_4277,1,14,41,Ames27138,N28Ht,4277,6.909,5.232,keep,6.0705
EL18_4278,1,14,40,PI559382,ICI740,4278,20.235,12.465,keep,16.35
EL18_4279,1,14,39,PI539924,LH202,4279,12.87,10.8,keep,11.835
EL18_4280,1,14,38,Ames22067,W 7151,4280,18.981,17.508,keep,18.2445
EL18_4281,1,14,37,Ames22439,A73,4281,18.558,14.154,keep,16.356
EL18_4282,1,14,36,Ames27097,CML 323,4282,15.854,12.582,keep,14.218
EL18_4283,1,14,35,Ames27082,CML 108,4283,8.658,7.698,keep,8.178
EL18_4284,1,14,34,NSL65866,B14,4284,9.977,5.641,keep,7.809
EL18_4285,1,14,33,Ames27021,CH753-4,4285,9.621,6.418,keep,8.0195
EL18_4286,1,14,32,PI537098,LH204,4286,14.009,9.264,keep,11.6365
EL18_4287,1,14,31,PI520770,W552,,,,,
EL18_4288,1,14,30,PI550461,B14A,4288,14.017,13.357,keep,13.687
EL18_4289,1,14,29,PI565087,8M129,4289,14.477,12.167,keep,13.322
EL18_4290,1,14,28,PI340860,B-28,4290,17.015,10.951,keep,13.983
EL18_4291,1,14,27,PI601318,PHG47,4291,15.186,5.189,delete,10.1875
EL18_4292,1,14,26,PI601494,LH65,4292,26.206,24.827,keep,25.5165
EL18_4293,1,15,26,PI557566,LH199,4293,23.811,14.401,delete,19.106
EL18_4294,1,15,27,Ames27052,CO257,4294,8.088,6.554,keep,7.321
EL18_4295,1,15,28,PI538009,LH196,,,,,
EL18_4296,1,15,29,PI597926,B108,,,,,
EL18_4297,1,15,30,NSL30883,R113,4297,14.897,12.811,keep,13.854
EL18_4298,1,15,31,PI601468,PHK29,4298,14.709,11.291,keep,13
EL18_4299,1,15,32,Ames24729,MS116,4299,13.168,13.147,keep,13.1575
EL18_4300,1,15,33,Ames24746,MS221,4300,20.493,18.204,keep,19.3485
EL18_4301,1,15,34,Ames26022,Tr,4301,13.116,10.437,keep,11.7765
EL18_4302,1,15,35,CIze28,CI 28A,4302,16.555,14.697,keep,15.626
EL18_4303,1,15,36,PI584528,B99,4303,28.493,18.093,delete,23.293
EL18_4304,1,15,37,PI601792,PHW43,,,,,
EL18_4305,1,15,38,Ames27125,Ki21,,,,,
EL18_4306,1,15,39,Ames24590,I198,4306,21.095,19.679,keep,20.387
EL18_4307,1,15,40,PI565105,PHHH9,4307,31.598,24.005,keep,27.8015
EL18_4308,1,15,41,NSL32738,ND283,4308,16.565,14.681,keep,15.623
EL18_4309,1,15,42,PI550441,Mo18W,4309,14.718,9.46,keep,12.089
EL18_4310,1,15,43,PI574393,ZS365,4310,16.613,13.715,keep,15.164
EL18_4311,1,15,44,PI601576,PHW79,,,,,
EL18_4312,1,15,45,PI595542,CML 254,4312,6.965,6.611,keep,6.788
EL18_4313,1,15,46,PI578030,PHEG9,4313,19.155,15.464,keep,17.3095
EL18_4314,1,15,47,PI601005,PH207,4314,27.499,16.742,delete,22.1205
EL18_4315,1,15,48,PI546484,6M502A,4315,21.538,13.966,keep,17.752
EL18_4316,1,15,49,Ames27068,CH9,4316,17.741,5.571,delete,11.656
EL18_4317,1,15,50,PI596356,N217,4317,6.619,6.44,keep,6.5295
EL18_4318,1,15,51,PI406130,A797NW,4318,15.508,5.726,delete,10.617
EL18_4319,1,15,52,PI340819,T9,4319,18.013,14.275,keep,16.144
EL18_4320,1,15,53,NSL81596,A258,4320,13.745,6.102,keep,9.9235
EL18_4321,1,15,54,PI340830,T242,4321,25.265,22,keep,23.6325
EL18_4322,1,15,55,PI547086,LH128,4322,27.285,19.607,keep,23.446
EL18_4323,1,15,56,PI587143,A682,4323,37.585,25.217,delete,31.401
EL18_4324,1,15,57,Ames26787,H49,4324,10.237,6.915,keep,8.576
EL18_4325,1,16,57,PI340827,T141,4325,16.146,12.759,keep,14.4525
EL18_4326,1,16,56,PI587131,HP301,4326,8.39,7.759,keep,8.0745
EL18_4327,1,16,55,PI644101,LH1,4327,24.446,20.424,keep,22.435
EL18_4328,1,16,54,PI340829,T146,4328,23.181,11.323,delete,17.252
EL18_4329,1,16,53,PI601610,H8431,4329,26.489,19.74,keep,23.1145
EL18_4330,1,16,52,PI601570,PHP02,4330,19.85,17.176,keep,18.513
EL18_4331,1,16,51,Ames27446,Il778d,4331,16.51,12.557,keep,14.5335
EL18_4332,1,16,50,Ames27087,CML 220,4332,11.717,8.739,keep,10.228
EL18_4333,1,16,49,Ames26790,H52,4333,17.983,14.716,keep,16.3495
EL18_4334,1,16,48,Ames26805,H122w,4334,14.16,11.75,keep,12.955
EL18_4335,1,16,47,PI547090,LH213,4335,28.693,24.412,keep,26.5525
EL18_4336,1,16,46,PI559939,PHGV6,4336,16.869,13.899,keep,15.384
EL18_4337,1,16,45,PI601808,2FACC,4337,17.357,15.484,keep,16.4205
EL18_4338,1,16,44,PI600751,SeagullSeventeen,4338,41.945,36.112,keep,39.0285
EL18_4339,1,16,43,PI596355,N216,4339,20.173,18.814,keep,19.4935
EL18_4340,1,16,42,Ames22755,N197,,,,,
EL18_4341,1,16,41,Ames23503,A680,4341,16.792,15.239,keep,16.0155
EL18_4342,1,16,40,Ames27057,CSJ3,4342,12.63,9.747,keep,11.1885
EL18_4343,1,16,39,PI601791,PHW20,4343,14.514,10.017,keep,12.2655
EL18_4344,1,16,38,PI257517,FC46,4344,15.043,10.704,keep,12.8735
EL18_4345,1,16,37,Ames27070,CM7,4345,40.047,39.529,keep,39.788
EL18_4346,1,16,36,Ames27096,CML 322,4346,16.48,16.019,keep,16.2495
EL18_4347,1,16,35,PI587146,Oh7,4347,13.424,5.59,keep,9.507
EL18_4348,1,16,34,Ames2335,Ye 4,4348,18.95,8.052,delete,13.501
EL18_4349,1,16,33,NSL22632,K201,4349,14.557,12.688,keep,13.6225
EL18_4350,1,16,32,PI587133,P39,4350,17.226,15.254,keep,16.24
EL18_4351,1,16,31,PI601008,PHG35,4351,27.422,16.997,delete,22.2095
EL18_4352,1,16,30,PI601773,PHJ31,4352,17.899,17.247,keep,17.573
EL18_4353,1,16,29,PI601362,PHW17,4353,15.49,13.707,keep,14.5985
EL18_4354,1,16,28,Ames19326,R168,4354,16.68,15.692,keep,16.186
EL18_4355,1,16,27,PI574394,ZS635,4355,16.252,11.724,keep,13.988
EL18_4356,1,16,26,PI601491,790,4356,9.39,8.83,keep,9.11
EL18_4357,1,17,26,PI595541,CML 247,4357,9.471,8.646,keep,9.0585
EL18_4358,1,17,27,PI601377,794,4358,8.887,8.271,keep,8.579
EL18_4359,1,17,28,PI601438,78371A,4359,19.9,19.202,keep,19.551
EL18_4360,1,17,29,PI538008,LH163,4360,12.715,12.555,keep,12.635
EL18_4361,1,17,30,PI594088,N542,4361,18.524,15.338,keep,16.931
EL18_4362,1,17,31,Ames27119,Il 101T,4362,15.647,13.973,keep,14.81
EL18_4363,1,17,32,PI257507,F7,4363,10.551,7.955,keep,9.253
EL18_4364,1,17,33,PI548830,29MIBZ2,4364,20.04,19.245,keep,19.6425
EL18_4365,1,17,34,Ames27114,H91,4365,15.878,12.219,keep,14.0485
EL18_4366,1,17,35,NSL30060,W23,4366,35.143,31.274,keep,33.2085
EL18_4367,1,17,36,NSL30867,M14,4367,20.267,20.261,keep,20.264
EL18_4368,1,17,37,PI601490,787,4368,22.13,16.873,keep,19.5015
EL18_4369,1,17,38,Ames24589,I159,4369,17.732,13.561,keep,15.6465
EL18_4370,1,17,39,PI559381,ICI441,4370,20.057,14.296,keep,17.1765
EL18_4371,1,17,40,PI601470,PHV78,4371,28.577,23.075,keep,25.826
EL18_4372,1,17,41,PI539926,LH192,4372,18.35,10.544,keep,14.447
EL18_4373,1,17,42,Ames26128,CI 40H,4373,16.059,10.056,keep,13.0575
EL18_4374,1,17,43,Ames12732,NC232,4374,11.434,10.582,keep,11.008
EL18_4375,1,17,44,Ames28928,Mo28W,4375,15.116,12.685,keep,13.9005
EL18_4376,1,17,45,Ames24748,MS223,4376,17.735,12.957,keep,15.346
EL18_4377,1,17,46,Ames30557,W605S,4377,18.652,18.123,keep,18.3875
EL18_4378,1,17,47,PI565099,PHVJ4,4378,17.827,8.403,delete,13.115
EL18_4379,1,17,48,PI546485,NL001,4379,17.373,9.257,delete,13.315
EL18_4380,1,17,49,PI603939,B42,4380,34.246,26.492,keep,30.369
EL18_4381,1,17,50,PI555660,LH214,4381,28.288,22.466,keep,25.377
EL18_4382,1,17,51,PI601564,HB8229,4382,19.707,16.827,keep,18.267
EL18_4383,1,17,52,PI587154,W153R,4383,11.314,8.436,keep,9.875
EL18_4384,1,17,53,PI601559,2369,4384,23.17,21.406,keep,22.288
EL18_4385,1,17,54,PI537101,LH211,4385,19.725,11.195,delete,15.46
EL18_4386,1,17,55,PI550503,ND247,4386,21.8,21.226,keep,21.513
EL18_4387,1,17,56,PI601561,6M502,4387,46.377,43.408,keep,44.8925
EL18_4388,1,17,57,Ames26774,H14,4388,13.238,7.423,keep,10.3305
EL18_4389,1,18,57,Ames22043,Me244Wb,4389,19.344,11.116,delete,15.23
EL18_4390,1,18,56,PI594046,B103,4390,11.511,9.104,keep,10.3075
EL18_4391,1,18,55,Ames28184,CML69,4391,16.405,6.617,delete,11.511
EL18_4392,1,18,54,Ames30555,W603S,4392,23.03,22.209,keep,22.6195
EL18_4393,1,18,53,PI601571,PHR32,4393,18.774,16.332,keep,17.553
EL18_4394,1,18,52,PI557556,911,4394,11.826,11.152,keep,11.489
EL18_4395,1,18,51,PI548805,PHR58,4395,29.559,24.134,keep,26.8465
EL18_4396,1,18,50,PI562380,LH223,4396,16.22,12.297,keep,14.2585
EL18_4397,1,18,49,PI601457,IB02,4397,10.395,8.437,keep,9.416
EL18_4398,1,18,48,PI547087,LH181,4398,28.01,24.656,keep,26.333
EL18_4399,1,18,47,PI601208,IB014,4399,23.075,7.645,delete,15.36
EL18_4400,1,18,46,PI587138,A554,4400,14.395,14.323,keep,14.359
EL18_4401,1,18,45,Ames27123,Ki3,4401,7.23,5.715,keep,6.4725
EL18_4402,1,18,44,PI548804,PHR55,4402,16.944,15.895,keep,16.4195
EL18_4403,1,18,43,Ames30575,W818G,4403,13.288,12.034,keep,12.661
EL18_4404,1,18,42,PI601320,PHG84,4404,11.358,10.875,keep,11.1165
EL18_4405,1,18,41,PI597925,B107,4405,20.125,9.959,delete,15.042
EL18_4406,1,18,40,PI601611,S8324,4406,15.847,14.597,keep,15.222
EL18_4407,1,18,39,NSL30902,R197,4407,11.665,9.877,keep,10.771
EL18_4408,1,18,38,PI550553,ND101,4408,24.026,16.326,keep,20.176
EL18_4409,1,18,37,PI550573,ND260,4409,11.715,10.378,keep,11.0465
EL18_4410,1,18,36,Ames27136,Mo.G,4410,17.752,16.084,keep,16.918
EL18_4411,1,18,35,PI550556,B88,4411,21.512,15.342,keep,18.427
EL18_4412,1,18,34,PI517974,Pa880,4412,7.117,4.615,keep,5.866
EL18_4413,1,18,33,CIze89,CI89B,4413,12.226,10.786,keep,11.506
EL18_4414,1,18,32,PI601658,1538,4414,13.582,12.974,keep,13.278
EL18_4415,1,18,31,PI340821,G22 T122,4415,13.917,12.9,keep,13.4085
EL18_4416,1,18,30,Ames26771,33-16,4416,16.641,16.163,keep,16.402
EL18_4417,1,18,29,PI601686,WIL903,4417,17.125,16.8,keep,16.9625
EL18_4418,1,18,28,PI601584,OQ603,4418,15.772,12.004,keep,13.888
EL18_4419,1,18,27,PI559953,PHVA9,4419,21.02,17.427,keep,19.2235
EL18_4420,1,18,26,Ames27171,NC350,4420,9.273,5.46,keep,7.3665
EL18_4421,1,19,26,PI557563,LH198,4421,19.62,16.862,keep,18.241
EL18_4422,1,19,27,PI506246,Tzi8,4422,27.34,25.666,keep,26.503
EL18_4423,1,19,28,PI601003,LH143CMS,4423,11.88,10.284,keep,11.082
EL18_4424,1,19,29,PI601727,L135,4424,20.947,19.377,keep,20.162
EL18_4425,1,19,30,PI550440,B64,4425,14.35,6.085,delete,10.2175
EL18_4426,1,19,31,PI601787,PHR63,4426,21.475,21.121,keep,21.298
EL18_4427,1,19,32,Ames27184,Pa762,4427,15.356,13.697,keep,14.5265
EL18_4428,1,19,33,Ames27039,CO117,4428,16.584,15.616,keep,16.1
EL18_4429,1,19,34,Ames24706,MS12,4429,20.143,16.865,keep,18.504
EL18_4430,1,19,35,Ames10254,GE54,4430,11.317,9.582,keep,10.4495
EL18_4431,1,19,36,PI559936,PHBW8,4431,20.375,14.062,keep,17.2185
EL18_4432,1,19,37,NSL42875,A71,4432,10.529,9.419,keep,9.974
EL18_4433,1,19,38,PI595561,CML 52,4433,10.933,8.464,keep,9.6985
EL18_4434,1,19,39,PI601786,PHR62,4434,15.518,13.549,keep,14.5335
EL18_4435,1,19,40,PI564748,MBWZ,4435,18.48,13.022,keep,15.751
EL18_4436,1,19,41,PI552815,LH215,4436,12.43,11.996,keep,12.213
EL18_4437,1,19,42,PI559944,PHP85,4437,21.918,16.025,keep,18.9715
EL18_4438,1,19,43,Ames19000,VaW6,4438,14.608,14.465,keep,14.5365
EL18_4439,1,19,44,PI587152,W64A,4439,20.668,12.564,delete,16.616
EL18_4440,1,19,45,Ames2333,YONG 28,4440,10.808,6.752,keep,8.78
EL18_4441,1,19,46,PI559380,ICI193,4441,22.446,16.156,keep,19.301
EL18_4442,1,19,47,PI601789,PHV37,4442,19.46,16.286,keep,17.873
EL18_4443,1,19,48,Ames27024,CL17,4443,24.687,19.86,keep,22.2735
EL18_4444,1,19,49,PI548808,PHW30,4444,17.642,14.497,keep,16.0695
EL18_4445,1,19,50,PI533659,SD102,4445,24.631,23.398,keep,24.0145
EL18_4446,1,19,51,Ames22016,C15,4446,26.165,16.528,delete,21.3465
EL18_4447,1,19,52,PI554612,LH209,4447,26.807,14.822,delete,20.8145
EL18_4448,1,19,53,PI340855,B-18 INBR.FR.SUPERGOLD,4448,15.479,10.127,keep,12.803
EL18_4449,1,19,54,NSL81597,A648,4449,11.862,10.095,keep,10.9785
EL18_4450,1,19,55,Ames27168,NC344,4450,18.964,18.923,keep,18.9435
EL18_4451,1,19,56,PI546483,6F629,4451,20.322,17.417,keep,18.8695
EL18_4452,1,19,57,PI587136,Ky228,4452,14.404,11.307,keep,12.8555
EL18_4453,1,20,57,CIze38,CI38B,4453,15.524,11.729,keep,13.6265
EL18_4454,1,20,56,PI601209,MBNA,4454,24.057,20.146,keep,22.1015
EL18_4455,1,20,55,Ames27155,NC318,4455,10.559,9.93,keep,10.2445
EL18_4456,1,20,54,Ames27105,CO106,4456,18.552,11.329,keep,14.9405
EL18_4457,1,20,53,Ames10256,GE129,4457,11.406,7.068,keep,9.237
EL18_4458,1,20,52,PI186197,INBRED 100,4458,14.732,14.071,keep,14.4015
EL18_4459,1,20,51,Ames27029,CL27,4459,22.554,20.896,keep,21.725
EL18_4460,1,20,50,PI548839,MBUB,4460,19.611,16.101,keep,17.856
EL18_4461,1,20,49,Ames26797,H96,4461,16.061,13.805,keep,14.933
EL18_4462,1,20,48,Ames28930,Mo30W,4462,32.581,31.157,keep,31.869
EL18_4463,1,20,47,PI524969,SD44,4463,14.215,12.912,keep,13.5635
EL18_4464,1,20,46,PI608777,B85,4464,19.317,17.422,keep,18.3695
EL18_4465,1,20,45,PI607523,A663,4465,13.461,13.041,keep,13.251
EL18_4466,1,20,44,Ames27126,Ki43,4466,13.522,9.174,keep,11.348
EL18_4467,1,20,43,PI601788,PHT22,4467,25.945,19.466,keep,22.7055
EL18_4468,1,20,42,PI607521,A661,4468,16.131,12.504,keep,14.3175
EL18_4469,1,20,41,PI564751,2FADB,4469,13.699,11.425,keep,12.562
EL18_4470,1,20,40,PI601565,IBB14,4470,16.937,15.237,keep,16.087
EL18_4471,1,20,39,PI601790,PHW03,4471,16.591,14.978,keep,15.7845
EL18_4472,1,20,38,PI587124,CM105,4472,13.577,12.684,keep,13.1305
EL18_4473,1,20,37,Ames27079,CML 91,4473,12.995,8.708,keep,10.8515
EL18_4474,1,20,36,PI544065,BCC03,4474,29.79,23.671,keep,26.7305
EL18_4475,1,20,35,CIze91,CI 91B,4475,5.858,4.225,keep,5.0415
EL18_4476,1,20,34,PI559921,OS602,4476,20.165,9.979,delete,15.072
EL18_4477,1,20,33,PI601725,J8606,4477,11.474,9.084,keep,10.279
EL18_4478,1,20,32,PI539922,LH190,4478,14.335,13.86,keep,14.0975
EL18_4479,1,20,31,Ames27101,CML333,4479,11.679,11.036,keep,11.3575
EL18_4480,1,20,30,PI601575,PHW52,4480,21.825,14.574,keep,18.1995
EL18_4481,1,20,29,Ames27175,NC358,4481,6.597,4.948,keep,5.7725
EL18_4482,1,20,28,Ames2336,52220,4482,13.621,10.167,keep,11.894
EL18_4483,1,20,27,Ames30577,W820G,4483,15.498,10.448,keep,12.973
EL18_4484,1,20,26,PI601191,DJ7,4484,12.986,10.664,keep,11.825
EL18_4485,1,21,26,PI550526,H110,4485,10.51,8.371,keep,9.4405
EL18_4486,1,21,27,PI601459,IBC2,4486,18.039,17.833,keep,17.936
EL18_4487,1,21,28,Ames27025,CL18,4487,23.014,21.346,keep,22.18
EL18_4488,1,21,29,PI596506,OC19,4488,13.953,11.106,keep,12.5295
EL18_4489,1,21,30,NSL22635,K41,4489,23.552,20.534,keep,22.043
EL18_4490,1,21,31,PI186199,INBRED 141,4490,14.989,12.692,keep,13.8405
EL18_4491,1,21,32,PI604606,N527,4491,10.855,9.703,keep,10.279
EL18_4492,1,21,33,PI560081,Pa778,4492,19.963,12.714,keep,16.3385
EL18_4493,1,21,34,PI558522,Mo3,4493,13.448,11.482,keep,12.465
EL18_4494,1,21,35,PI531510,R226,4494,10.719,8.781,keep,9.75
EL18_4495,1,21,36,PI543846,PHP76,4495,16.99,16.606,keep,16.798
EL18_4496,1,21,37,Ames12731,NC230,4496,17.426,12.079,keep,14.7525
EL18_4497,1,21,38,PI601150,PHG71,4497,16.676,12.067,keep,14.3715
EL18_4498,1,21,39,Ames27042,CO158,4498,17.979,13.061,keep,15.52
EL18_4499,1,21,40,NSL30053,W22,4499,21.372,17.074,keep,19.223
EL18_4500,1,21,41,PI583350,Mo45,4500,16.292,14.156,keep,15.224
EL18_4501,1,21,42,Ames19284,C103,4501,21.675,17.182,keep,19.4285
EL18_4502,1,21,43,PI522250,ND262,4502,9.291,7.122,keep,8.2065
EL18_4503,1,21,44,PI562378,LH165,4503,27.108,8.997,delete,18.0525
EL18_4504,1,21,45,Ames27166,NC340,4504,11.017,7.673,keep,9.345
EL18_4505,1,21,46,PI527699,B90,4505,14.422,11.341,keep,12.8815
EL18_4506,1,21,47,PI537100,LH210,4506,26.44,25.534,keep,25.987
EL18_4507,1,21,48,PI561522,AR228,4507,12.323,10.563,keep,11.443
EL18_4508,1,21,49,PI559951,PHTM9,4508,26.232,17.827,delete,22.0295
EL18_4509,1,21,50,Ames26772,H5,4509,17.941,13.038,keep,15.4895
EL18_4510,1,21,51,Ames23417,A305,4510,13.272,13.238,keep,13.255
EL18_4511,1,21,52,PI539925,LH191,4511,18.835,14.783,keep,16.809
EL18_4512,1,21,53,Ames23421,A321,,,,,
EL18_4513,1,21,54,PI559947,PHR31,4513,26.53,23.804,keep,25.167
EL18_4514,1,21,55,PI601572,PHR47,4514,15.894,13.795,keep,14.8445
EL18_4515,1,21,56,PI601080,CR1HT,4515,22.828,15.102,keep,18.965
EL18_4516,1,21,57,PI593010,Hi28,4516,11.602,6.286,keep,8.944
EL18_4517,1,22,57,PI601500,PHV63,4517,8.734,8.243,keep,8.4885
EL18_4518,1,22,56,Ames22047,NJ159,4518,9.422,7.051,keep,8.2365
EL18_4519,1,22,55,PI517971,Pa468,4519,7.822,7.141,keep,7.4815
EL18_4520,1,22,54,PI601785,PHP60,4520,14.767,8.919,keep,11.843
EL18_4521,1,22,53,Ames26768,W64Aae/wx,4521,12.572,9.721,keep,11.1465
EL18_4522,1,22,52,PI562377,LH159,4522,21.429,19.389,keep,20.409
EL18_4523,1,22,51,PI601568,PHM49,,,,,
EL18_4524,1,22,50,Ames27106,CO125,4524,9.661,8.484,keep,9.0725
EL18_4525,1,22,49,PI560316,CS608,4525,19.5,14.779,keep,17.1395
EL18_4526,1,22,48,PI562381,LH224,4526,17.206,16.579,keep,16.8925
EL18_4527,1,22,47,PI531511,R227,4527,19.128,17.859,keep,18.4935
EL18_4528,1,22,46,PI601562,78551S,4528,14.463,13.624,keep,14.0435
EL18_4529,1,22,45,PI559919,OQ101,4529,21.998,20.668,keep,21.333
EL18_4530,1,22,44,PI547089,LH212Ht,4530,11.755,9.811,keep,10.783
EL18_4531,1,22,43,Ames27086,CML 218,4531,12.674,8.786,keep,10.73
EL18_4532,1,22,42,PI531509,R225,4532,20.876,19.953,keep,20.4145
EL18_4533,1,22,41,Ames28937,Mo39,4533,13.959,10.779,keep,12.369
EL18_4534,1,22,40,Ames23507,C42,4534,15.86,14.171,keep,15.0155
EL18_4535,1,22,39,PI606768,SD40,4535,19.479,14.194,keep,16.8365
EL18_4536,1,22,38,Ames30571,W814G,4536,15.736,15.284,keep,15.51
EL18_4537,1,22,37,PI391672,YANG,4537,14.892,14.097,keep,14.4945
EL18_4538,1,22,36,Ames24727,MS106,4538,18.949,15.806,keep,17.3775
EL18_4539,1,22,35,PI601378,LP5,4539,14.787,11.573,keep,13.18
EL18_4540,1,22,34,PI587140,A632,4540,11.6,8.265,keep,9.9325
EL18_4541,1,22,33,CIze64,CI 64,4541,20.318,11.37,delete,15.844
EL18_4542,1,22,32,PI593008,Hi26,4542,16.091,11.523,keep,13.807
EL18_4543,1,22,31,PI601784,PHP55,4543,43.262,35.445,keep,39.3535
EL18_4544,1,22,30,PI427111,Chi-tan 120,4544,18.795,18.568,keep,18.6815
EL18_4545,1,22,29,PI594084,N538,4545,13.467,11.511,keep,12.489
EL18_4546,1,22,28,PI601441,pB80,4546,16.858,15.728,keep,16.293
EL18_4547,1,22,27,Ames24749,MS224,4547,13.809,10.647,keep,12.228
EL18_4548,1,22,26,Ames23389,A15,4548,28.22,26.659,keep,27.4395
EL18_4549,1,23,26,PI601270,PHG29,4549,22.23,16.997,keep,19.6135
EL18_4550,1,23,27,PI555462,F118,4550,23.422,14.292,delete,18.857
EL18_4551,1,23,28,PI543850,PHW86,4551,33.086,20.645,delete,26.8655
EL18_4552,1,23,29,PI539921,LH162,4552,22.564,20.758,keep,21.661
EL18_4553,1,23,30,PI565088,2MCDB,4553,22.617,19.592,keep,21.1045
EL18_4554,1,23,31,PI539927,LH193,4554,13.092,11.576,keep,12.334
EL18_4555,1,23,32,Ames19319,H95,4555,21.303,19.141,keep,20.222
EL18_4556,1,23,33,PI600954,LH119,4556,19.757,14.623,keep,17.19
EL18_4557,1,23,34,Ames27190,T234,4557,19.669,12.307,keep,15.988
EL18_4558,1,23,35,PI600981,PHG39,4558,18.257,17.887,keep,18.072
EL18_4559,1,23,36,PI543916,Mp339,4559,21.958,20.003,keep,20.9805
EL18_4560,1,23,37,PI559917,MQ305,4560,28.838,25.719,keep,27.2785
EL18_4561,1,23,38,PI559383,ICI893,4561,16.639,13.442,keep,15.0405
EL18_4562,1,23,39,NSL28966,Oh40B,4562,15.574,12.611,keep,14.0925
EL18_4563,1,23,40,PI601775,PHJ70,4563,25.531,10.972,delete,18.2515
EL18_4564,1,23,41,Ames27193,Va85,4564,8.777,6.432,keep,7.6045
EL18_4565,1,23,42,Ames27131,Ky226,4565,16.56,8.109,delete,12.3345
EL18_4566,1,23,43,Ames2331,Yellow 3-4,4566,14.656,13.895,keep,14.2755
EL18_4567,1,23,44,Ames24708,MS24A,4567,17.479,14.984,keep,16.2315
EL18_4568,1,23,45,PI600755,LP1CMSHT,4568,7.529,5.791,keep,6.66
EL18_4569,1,23,46,Ames27122,K148,4569,10.591,9.986,keep,10.2885
EL18_4570,1,23,47,PI608766,B79,4570,19.157,18.427,keep,18.792
EL18_4571,1,23,48,Ames23484,A651,4571,19.61,12.941,keep,16.2755
EL18_4572,1,23,49,Ames24989,Va99,4572,16.885,16.278,keep,16.5815
EL18_4573,1,23,50,Ames23405,A239,4573,12.437,11.326,keep,11.8815
EL18_4574,1,23,51,Ames24742,MS211,4574,28.718,17.658,delete,23.188
EL18_4575,1,23,52,PI601685,WIL901,4575,27.464,17.046,delete,22.255
EL18_4576,1,23,53,PI601229,PHG83,4576,17.276,15.612,keep,16.444
EL18_4577,1,23,54,PI601778,PHM10,4577,14.341,10.566,keep,12.4535
EL18_4578,1,23,55,Ames30569,W812G,4578,16.396,15.399,keep,15.8975
EL18_4579,1,23,56,PI554615,MM402A,4579,19.091,14.162,keep,16.6265
EL18_4580,1,23,57,PI601009,PHB47,4580,17.085,15.679,keep,16.382
EL18_4581,1,24,57,PI546494,ND265,4581,11.325,8.822,keep,10.0735
EL18_4582,1,24,56,PI600791,LH38,4582,11.956,11.85,keep,11.903
EL18_4583,1,24,55,PI558532,Mo17,4583,23.402,21.196,keep,22.299
EL18_4584,1,24,54,NSL30861,A,4584,10.809,8.134,keep,9.4715
EL18_4585,1,24,53,PI369437,80-2,4585,14.369,13.236,keep,13.8025
EL18_4586,1,24,52,NSL30066,WR3,4586,21.327,16.367,keep,18.847
EL18_4587,1,24,51,PI608765,B77,4587,11.374,10.617,keep,10.9955
EL18_4588,1,24,50,PI548838,MBSJ,4588,16.814,12.553,keep,14.6835
EL18_4589,1,24,49,PI601375,778,4589,20.359,16.285,keep,18.322
EL18_4590,1,24,48,NSL28965,OH33,4590,18.868,8.122,delete,13.495
EL18_4591,1,24,47,NSL30073,W37A,4591,17.719,17.343,keep,17.531
EL18_4592,1,24,46,PI548798,PHJ89,4592,17.508,16.948,keep,17.228
EL18_4593,1,24,45,PI601745,4N506,4593,14.223,13.402,keep,13.8125
EL18_4594,1,24,44,PI535906,S 56,4594,38.709,32.679,keep,35.694
EL18_4595,1,24,43,PI601469,PHR25,4595,23.199,14.639,delete,18.919
EL18_4596,1,24,42,PI550695,L155,4596,23.961,18.525,keep,21.243
EL18_4597,1,24,41,Ames22747,CM48,4597,18.011,17.279,keep,17.645
EL18_4598,1,24,40,PI601316,LH54,,,,,
EL18_4599,1,24,39,PI520774,NC264,4599,15.195,15.118,keep,15.1565
EL18_4600,1,24,38,PI550522,T232,4600,25.932,23.669,keep,24.8005
EL18_4601,1,24,37,Ames27028,CL22,4601,33.088,26.238,keep,29.663
EL18_4602,1,24,36,Ames19011,Va38,4602,13.124,9.95,keep,11.537
EL18_4603,1,24,35,PI557569,LH216,4603,30.517,21.724,delete,26.1205
EL18_4604,1,24,34,Ames23497,A673,4604,25.556,17.82,keep,21.688
EL18_4605,1,24,33,Ames19313,C123,4605,26.722,19.538,keep,23.13
EL18_4606,1,24,32,PI587129,H99,4606,14.316,13.546,keep,13.931
EL18_4607,1,24,31,Ames23435,A427,4607,21.51,15.734,keep,18.622
EL18_4608,1,24,30,Ames24585,CG10,4608,19.182,17.434,keep,18.308
EL18_4609,1,24,29,Ames24713,MS72,4609,15.835,15.204,keep,15.5195
EL18_4610,1,24,28,PI601172,HBA1,4610,12.445,9.611,keep,11.028
EL18_4611,1,24,27,PI601439,FBHJ,4611,12.961,8.937,keep,10.949
EL18_4612,1,24,26,Ames26793,H71,4612,13.458,10.932,keep,12.195
EL18_4613,1,25,26,PI587137,Ms71,4613,18.454,14.99,keep,16.722
EL18_4614,1,25,27,Ames30578,W821G,4614,20.94,14.962,keep,17.951
EL18_4615,1,25,28,PI601567,PHH93,4615,10.94,7.534,keep,9.237
EL18_4616,1,25,29,PI550532,ND251,4616,11.98,11.276,keep,11.628
EL18_4617,1,25,30,PI543842,PHK56,4617,23.197,22.925,keep,23.061
EL18_4618,1,25,31,Ames19014,Va52,4618,20.263,20.095,keep,20.179
EL18_4619,1,25,32,PI548803,PHR03,4619,25.765,21.884,keep,23.8245
EL18_4620,1,25,33,PI587128,H84,4620,16.435,14.113,keep,15.274
EL18_4621,1,25,34,CIze21,CI 21E,4621,22.799,14.736,delete,18.7675
EL18_4622,1,25,35,PI601781,PHN37,4622,14.381,12.352,keep,13.3665
EL18_4623,1,25,36,PI601728,L139,4623,13.16,11.085,keep,12.1225
EL18_4624,1,25,37,PI587142,A679,4624,20.397,19.022,keep,19.7095
EL18_4625,1,25,38,NSL65865,B10,4625,15.887,14.21,keep,15.0485
EL18_4626,1,25,39,PI539923,LH194,4626,14.969,13.891,keep,14.43
EL18_4627,1,25,40,PI601495,PHK42,4627,18.871,15.598,keep,17.2345
EL18_4628,1,25,41,Ames12734,NC236,4628,14.86,12.339,keep,13.5995
EL18_4629,1,25,42,PI559942,PHK74,,,,,
EL18_4630,1,25,43,Ames27110,E2558W,4630,17.922,17.001,keep,17.4615
EL18_4631,1,25,44,PI517968,Pa392,4631,20.2,19.672,keep,19.936
EL18_4632,1,25,45,PI550470,B54,4632,20.37,20.339,keep,20.3545
EL18_4633,1,25,46,Ames2339,HUOBAI,4633,10.99,7.7,keep,9.345
EL18_4634,1,25,47,NSL32728,ND230,4634,30.243,23.293,keep,26.768
EL18_4635,1,25,48,NSL34374,SD15,4635,12.551,12.499,keep,12.525
EL18_4636,1,25,49,PI601007,B09,4636,21.933,20.27,keep,21.1015
EL18_4637,1,25,50,Ames28186,P39Goodman-Buckler,4637,12.555,11.581,keep,12.068
EL18_4638,1,25,51,Ames27044,CO216,4638,19.623,17.723,keep,18.673
EL18_4639,1,25,52,Ames27111,EP1,4639,19.511,18.3,keep,18.9055
EL18_4640,1,25,53,PI559384,ICI986,4640,17.733,13.856,keep,15.7945
EL18_4641,1,25,54,PI587134,IA2132,4641,14.185,13.708,keep,13.9465
EL18_4642,1,25,55,Ames27167,NC342,4642,21.209,16.265,keep,18.737
EL18_4643,1,25,56,PI601779,PHM57,4643,21.662,18.708,keep,20.185
EL18_4644,1,25,57,PI550558,DE811,4644,15.551,9.442,keep,12.4965
EL18_4645,1,26,57,Ames12726,NC13,4645,19.931,18.641,keep,19.286
EL18_4646,1,26,56,PI427109,Eng-Li Chih,4646,20.828,19.828,keep,20.328
EL18_4647,1,26,55,Ames27043,CO192,4647,18.318,13.749,keep,16.0335
EL18_4648,1,26,54,PI538011,LH220Ht,4648,16.239,10.538,keep,13.3885
EL18_4649,1,26,53,PI555651,83IBI3,4649,17.005,16.986,keep,16.9955
EL18_4650,1,26,52,Ames30572,W815G,4650,43.016,37.709,keep,40.3625
EL18_4651,1,26,51,PI550465,B68,4651,12.695,7.145,keep,9.92
EL18_4652,1,26,50,NSL22629,Oh7B,4652,7.939,6.728,keep,7.3335
EL18_4653,1,26,49,PI601689,WIL500,4653,12.808,12.118,keep,12.463
EL18_4654,1,26,48,PI557562,LH197,4654,16.123,13.305,keep,14.714
EL18_4655,1,26,47,PI601403,LH156,4655,28.686,19.994,delete,24.34
EL18_4656,1,26,46,Ames22754,K55,4656,11.438,8.896,keep,10.167
EL18_4657,1,26,45,Ames26745,WXB6,4657,14.08,10.647,keep,12.3635
EL18_4658,1,26,44,Ames23422,A322,4658,10.537,10.449,keep,10.493
EL18_4659,1,26,43,Ames26803,H113,4659,9.114,8.774,keep,8.944
EL18_4660,1,26,42,Ames2334,Yong28(br2),4660,8.957,8.444,keep,8.7005
EL18_4661,1,26,41,PI601269,5707,4661,24.472,20.834,keep,22.653
EL18_4662,1,26,40,Ames23427,A374,4662,20.657,11.288,delete,15.9725
EL18_4663,1,26,39,Ames23498,A674,4663,15.405,14.127,keep,14.766
EL18_4664,1,26,38,PI601321,PHJ40,4664,18.027,11.101,keep,14.564
EL18_4665,1,26,37,NSL22630,K150,4665,19.984,12.377,keep,16.1805
EL18_4666,1,26,36,Ames27130,Ky21,4666,20.471,9.724,delete,15.0975
EL18_4667,1,26,35,Ames26804,H121,4667,20.377,11.259,delete,15.818
EL18_4668,1,26,34,Ames2337,HUANYAO,4668,11.108,9.002,keep,10.055
EL18_4669,1,26,33,PI391665,YING-55,4669,27.025,23.523,keep,25.274
EL18_4670,1,26,32,NSL437933,AusTRCF 306238,4670,22.683,19.308,keep,20.9955
EL18_4671,1,26,31,PI543849,PHW51,,,,,
EL18_4672,1,26,30,PI562379,LH172,4672,26.195,13.226,delete,19.7105
EL18_4673,1,26,29,PI601612,S8326,4673,17.966,16.115,keep,17.0405
EL18_4674,1,26,28,PI601405,LH85,4674,20.273,16.767,keep,18.52
EL18_4675,1,26,27,Ames27112,F2834T,4675,24.261,12.2,delete,18.2305
EL18_4676,1,26,26,PI601026,F42,4676,15.797,14.171,keep,14.984
EL18_4677,1,27,26,PI559375,LH222,4677,23.316,19.292,keep,21.304
EL18_4678,1,27,27,PI601574,PHT60,4678,19.127,9.705,delete,14.416
EL18_4679,1,27,28,PI560317,904,4679,17.003,13.585,keep,15.294
EL18_4680,1,27,29,NSL65872,L 289,4680,22.919,17.552,keep,20.2355
EL18_4681,1,27,30,PI548800,PHK93,4681,15.296,9.312,keep,12.304
EL18_4682,1,27,31,Ames23482,A649,4682,30.713,30.107,keep,30.41
EL18_4683,1,27,32,PI601466,LH59,4683,24.426,21.988,keep,23.207
EL18_4684,1,27,33,Ames27261,NC298,4684,13.396,11.257,keep,12.3265
EL18_4685,1,27,34,PI608768,B87,4685,23.479,11.506,delete,17.4925
EL18_4686,1,27,35,Ames23423,A334,4686,19.96,8.629,delete,14.2945
EL18_4687,1,27,36,Ames27133,M37W,4687,27.607,19.487,delete,23.547
EL18_4688,1,27,37,PI601317,LH57,4688,18.509,15.817,keep,17.163
EL18_4689,1,27,38,PI594048,B105,4689,12.788,12.271,keep,12.5295
EL18_4690,1,27,39,PI550567,N193,4690,17.818,15.425,keep,16.6215
EL18_4691,1,27,40,PI303924,NO. 380,4691,20.847,19.798,keep,20.3225
EL18_4692,1,27,41,PI601583,NS501,4692,18.23,13.716,keep,15.973
EL18_4693,1,27,42,PI595366,N209,4693,12.29,11.773,keep,12.0315
EL18_4694,1,27,43,Ames26806,H124w,4694,13.855,11.195,keep,12.525
EL18_4695,1,27,44,PI601783,PHN82,4695,23.022,21.251,keep,22.1365
EL18_4696,1,27,45,PI601211,78010,4696,13.02,11.31,keep,12.165
EL18_4697,1,27,46,NSL30876,R78,4697,41.245,32.938,delete,37.0915
EL18_4698,1,27,47,PI533658,SD101,4698,20.988,20.699,keep,20.8435
EL18_4699,1,27,48,NSL30064,W24,4699,17.435,9.307,delete,13.371
EL18_4700,1,27,49,PI564697,ICI581,4700,27.305,25.712,keep,26.5085
EL18_4701,1,27,50,Ames28938,Mo43,4701,33.682,32.812,keep,33.247
EL18_4702,1,27,51,Ames24730,MS132,4702,8.324,8.235,keep,8.2795
EL18_4703,1,27,52,Ames8399,W117Ht,4703,12.619,11.576,keep,12.0975
EL18_4704,1,27,53,Ames12729,NC222,4704,24.282,16.566,keep,20.424
EL18_4705,1,27,54,Ames21512,CI31A,4705,16.357,16.247,keep,16.302
EL18_4706,1,27,55,PI550454,B52,4706,20.203,14.862,keep,17.5325
EL18_4707,1,27,56,Ames22023,C68,4707,21.328,13.086,delete,17.207
EL18_4708,1,27,57,NSL22628,K47,4708,13.534,6.335,keep,9.9345
EL18_4709,1,28,57,Ames19309,A635,4709,14.702,9.308,keep,12.005
EL18_4710,1,28,56,PI550464,B66,4710,19.834,16.001,keep,17.9175
EL18_4711,1,28,55,PI601499,PHT77,4711,19.006,13.833,keep,16.4195
EL18_4712,1,28,54,PI601498,PHT55,4712,18.147,14.819,keep,16.483
EL18_4713,1,28,53,Ames27066,B164,4713,18.279,12.144,keep,15.2115
EL18_4714,1,28,52,PI601774,PHJ33,4714,30.77,30.586,keep,30.678
EL18_4715,1,28,51,Ames27088,CML 228,4715,8.436,5.283,keep,6.8595
EL18_4716,1,28,50,PI601782,PHN73,4716,35.049,23.125,delete,29.087
EL18_4717,1,28,49,Ames27191,U267Y,4717,12.412,11.584,keep,11.998
EL18_4718,1,28,48,PI595544,CML 264,4718,15.608,13.706,keep,14.657
EL18_4719,1,28,47,PHP02 filler,PHP02,4719,18.372,16.264,keep,17.318
EL18_4720,1,28,46,PI564753,3IJI1,4720,14.768,13.969,keep,14.3685
EL18_4721,1,28,45,Ames27048,CO245,4721,28.325,24.62,keep,26.4725
EL18_4722,1,28,44,Ames27118,Il14H,4722,14.78,11.668,keep,13.224
EL18_4723,1,28,43,PI369446,U 123,4723,10.166,7.449,keep,8.8075
EL18_4724,1,28,42,NSL30904,4226,4724,16.836,14.114,keep,15.475
EL18_4725,1,28,41,PI592734,R229,4725,16.533,9.964,keep,13.2485
EL18_4726,1,28,40,PI608767,B84,4726,17.055,15.812,keep,16.4335
EL18_4727,1,28,39,PI537099,LH205,4727,20.395,19.849,keep,20.122
EL18_4728,1,28,38,Ames27046,CO236,4728,20.414,18.528,keep,19.471
EL18_4729,1,28,37,PI595565,CML 287,,,,,
EL18_4730,1,28,36,Ames27051,CO256,4730,16.369,11.719,keep,14.044
EL18_4731,1,28,35,PI415082,4554 INBRED,4731,19.929,19.478,keep,19.7035
EL18_4732,1,28,34,PI600955,LH51,4732,26.217,24.532,keep,25.3745
EL18_4733,1,28,33,PI587130,4722,4733,19.15,15.157,keep,17.1535
EL18_4734,1,28,32,NSL81599,A659,4734,45.205,45.068,keep,45.1365
EL18_4735,1,28,31,PI550473,B73,4735,14.844,12.453,keep,13.6485
EL18_4736,1,28,30,PI565107,PHKE6,4736,19.026,15.582,keep,17.304
EL18_4737,1,28,29,PI555659,LH164,4737,21.25,18.131,keep,19.6905
EL18_4738,1,28,28,Ames27121,K64,4738,25.385,24.939,keep,25.162
EL18_4739,1,28,27,PI391682,YE-CHI-HUNG,,,,,
EL18_4740,1,28,26,NSL42878,A171,4740,13.014,10.215,keep,11.6145
EL18_4741,1,29,26,PI601322,PHZ51,4741,9.445,8.42,keep,8.9325
EL18_4742,1,29,27,Ames19288,Oh43,4742,18.434,17.799,keep,18.1165
EL18_4743,1,29,28,NSL22983,C102,,,,,
EL18_4744,1,29,29,PI601502,W8304,4744,12.563,11.72,keep,12.1415
EL18_4745,1,29,30,PI547088,LH208,4745,13.75,9.565,keep,11.6575
EL18_4746,1,29,31,Ames30573,W816G,4746,21.604,17.654,keep,19.629
EL18_4747,1,29,32,PI559935,PHBA6,4747,14.639,11.036,keep,12.8375
EL18_4748,1,29,33,Ames27187,R4,4748,21.175,13.328,keep,17.2515
EL18_4749,1,29,34,PI601004,LH132,4749,24.845,18.041,keep,21.443
EL18_4750,1,29,35,PI391662,KUNG-70,4750,14.677,13.297,keep,13.987
EL18_4751,1,29,36,PI601360,LH52,4751,22.389,19.998,keep,21.1935
EL18_5201,2,29,37,PI601576,PHW79,5201,22.048,16.315,keep,19.1815
EL18_5202,2,29,38,Ames28938,Mo43,5202,13.352,12.517,keep,12.9345
EL18_5203,2,29,39,PI601728,L139,5203,17.528,7.138,delete,12.333
EL18_5204,2,29,40,Ames26768,W64Aae/wx,5204,16.015,10.52,keep,13.2675
EL18_5205,2,29,41,PI538011,LH220Ht,5205,14.982,13.376,keep,14.179
EL18_5206,2,29,42,PI548804,PHR55,5206,20.691,16.537,keep,18.614
EL18_5207,2,29,43,Ames27125,Ki21,5207,11.072,10.301,keep,10.6865
EL18_5208,2,29,44,Ames22751,H114,5208,17.168,15.056,keep,16.112
EL18_5209,2,29,45,PI550553,ND101,5209,12.845,9.775,keep,11.31
EL18_5210,2,29,46,PI600954,LH119,5210,18.235,7.805,delete,13.02
EL18_5211,2,29,47,PI601322,PHZ51,5211,13.359,11.513,keep,12.436
EL18_5212,2,29,48,Ames26771,33-16,5212,12.498,11.283,keep,11.8905
EL18_5213,2,29,49,PI601375,778,5213,17.285,13.534,keep,15.4095
EL18_5214,2,29,50,NSL28965,OH33,5214,14.643,12.238,keep,13.4405
EL18_5215,2,29,51,Ames27044,CO216,5215,24.105,16.955,keep,20.53
EL18_5216,2,29,52,Ames27106,CO125,5216,6.236,4.874,keep,5.555
EL18_5217,2,29,53,Ames24733,MS142,5217,21.814,17.827,keep,19.8205
EL18_5218,2,29,54,PI550558,DE811,5218,19.147,11.656,keep,15.4015
EL18_5219,2,29,55,PI587144,Mo24W,5219,9.015,8.761,keep,8.888
EL18_5220,2,29,56,Ames27130,Ky21,5220,18.472,17.136,keep,17.804
EL18_5221,2,29,57,PI543916,Mp339,5221,27.834,20.429,keep,24.1315
EL18_5222,2,30,57,PI584528,B99,5222,40.486,34.217,keep,37.3515
EL18_5223,2,30,56,Ames27053,CO258,5223,14.501,10.338,keep,12.4195
EL18_5224,2,30,55,Ames23451,A572,5224,15.562,13.924,keep,14.743
EL18_5225,2,30,54,PI587152,W64A,5225,14.819,14.616,keep,14.7175
EL18_5226,2,30,53,PI587132,Sg 1533,5226,14.51,13.886,keep,14.198
EL18_5227,2,30,52,Ames8399,W117Ht,5227,13.44,9.334,keep,11.387
EL18_5228,2,30,51,NSL22629,Oh7B,5228,12.833,9.201,keep,11.017
EL18_5229,2,30,50,PI601321,PHJ40,5229,19.673,18.467,keep,19.07
EL18_5230,2,30,49,PI587143,A682,5230,35.968,32.49,keep,34.229
EL18_5231,2,30,48,NSL30071,W32,5231,19.148,13.43,keep,16.289
EL18_5232,2,30,47,Ames24729,MS116,5232,23.58,15.391,delete,19.4855
EL18_5233,2,30,46,PI340818,G3 T5a,5233,24.627,20.165,keep,22.396
EL18_5234,2,30,45,Ames27029,CL27,5234,32.263,22.382,delete,27.3225
EL18_5235,2,30,44,CIze89,CI89B,5235,18.096,12.367,keep,15.2315
EL18_5236,2,30,43,PI557566,LH199,5236,23.733,21.257,keep,22.495
EL18_5237,2,30,42,PI601466,LH59,5237,29.08,29.025,keep,29.0525
EL18_5238,2,30,41,PI539922,LH190,5238,19.88,15.724,keep,17.802
EL18_5239,2,30,40,PI587129,H99,5239,13.731,13.079,keep,13.405
EL18_5240,2,30,39,NSL30902,R197,5240,15.395,9.77,keep,12.5825
EL18_5241,2,30,38,PI600772,FR19,5241,18.156,15.956,keep,17.056
EL18_5242,2,30,37,PI406130,A797NW,5242,11.223,9.473,keep,10.348
EL18_5243,2,30,36,PI391662,KUNG-70,5243,9.498,4.381,keep,6.9395
EL18_5244,2,30,35,Ames27184,Pa762,5244,19.215,16.023,keep,17.619
EL18_5245,2,30,34,PI548830,29MIBZ2,5245,24.851,18.943,keep,21.897
EL18_5246,2,30,33,PI559945,PHPR5,5246,18.473,16.499,keep,17.486
EL18_5247,2,30,32,Ames27024,CL17,5247,34.326,27.502,keep,30.914
EL18_5248,2,30,31,PI601573,PHT10,5248,20.204,18.064,keep,19.134
EL18_5249,2,30,30,PI550473,B73,5249,17.696,16.021,keep,16.8585
EL18_5250,2,30,29,NSL65865,B10,5250,16.62,13.601,keep,15.1105
EL18_5251,2,30,28,NSL42873,A12,5251,12.169,9.526,keep,10.8475
EL18_5252,2,30,27,PI594048,B105,5252,14.083,11.638,keep,12.8605
EL18_5253,2,30,26,Ames22067,W 7151,5253,21.008,16.362,keep,18.685
EL18_5254,2,31,26,PI547088,LH208,5254,14.938,12.876,keep,13.907
EL18_5255,2,31,27,PI564753,3IJI1,5255,22.079,17.873,keep,19.976
EL18_5256,2,31,28,Ames24708,MS24A,5256,15.869,13.775,keep,14.822
EL18_5257,2,31,29,PI601565,IBB14,5257,19.99,19.202,keep,19.596
EL18_5258,2,31,30,PI550490,ND246,5258,17.668,15.459,keep,16.5635
EL18_5259,2,31,31,PI559375,LH222,5259,13.101,12.364,keep,12.7325
EL18_5260,2,31,32,NSL22634,K155,5260,18.259,17.745,keep,18.002
EL18_5261,2,31,33,PI601786,PHR62,5261,15.96,12.046,keep,14.003
EL18_5262,2,31,34,PI608774,B75,5262,19.615,11.744,keep,15.6795
EL18_5263,2,31,35,PI601458,IBB15,5263,20.548,17.751,keep,19.1495
EL18_5264,2,31,36,Ames27067,C49A,5264,15.68,15.609,keep,15.6445
EL18_5265,2,31,37,Ames19000,VaW6,5265,16.485,15.03,keep,15.7575
EL18_5266,2,31,38,PI562378,LH165,5266,23.312,21.325,keep,22.3185
EL18_5267,2,31,39,Ames30578,W821G,5267,15.367,14.382,keep,14.8745
EL18_5268,2,31,40,PI601495,PHK42,5268,17.557,17.106,keep,17.3315
EL18_5269,2,31,41,PI543842,PHK56,5269,21.353,16.858,keep,19.1055
EL18_5270,2,31,42,PI601563,87916W,5270,22.774,21.366,keep,22.07
EL18_5271,2,31,43,PI592734,R229,5271,14.668,13.087,keep,13.8775
EL18_5272,2,31,44,PI303924,NO. 380,5272,23.52,20.589,keep,22.0545
EL18_5273,2,31,45,PI601729,W8555,5273,12.534,11.849,keep,12.1915
EL18_5274,2,31,46,Ames27105,CO106,5274,12.905,9.613,keep,11.259
EL18_5275,2,31,47,CIze21,CI 21E,5275,12.043,10.625,keep,11.334
EL18_5276,2,31,48,PI391676,TUO229,5276,8.604,8.422,keep,8.513
EL18_5277,2,31,49,Ames26793,H71,5277,15.711,11.984,keep,13.8475
EL18_5278,2,31,50,PI340860,B-28,,,,,
EL18_5279,2,31,51,NSL65864,B8,5279,14.617,11.529,keep,13.073
EL18_5280,2,31,52,PI550555,NC250,5280,15.256,10.115,keep,12.6855
EL18_5281,2,31,53,PI559953,PHVA9,5281,20.321,10.224,delete,15.2725
EL18_5282,2,31,54,PI601007,B09,5282,24.879,22.123,keep,23.501
EL18_5283,2,31,55,PI587128,H84,5283,22.534,20.769,keep,21.6515
EL18_5284,2,31,56,PI546482,FBLA,,,,,
EL18_5285,2,31,57,NSL22628,K47,5285,7.606,7.579,keep,7.5925
EL18_5286,2,32,57,PI543846,PHP76,5286,14.499,13.589,keep,14.044
EL18_5287,2,32,56,NSL437933,AusTRCF 306238,5287,26.257,22.818,keep,24.5375
EL18_5288,2,32,55,Ames24727,MS106,5288,17.955,17.67,keep,17.8125
EL18_5289,2,32,54,Ames24989,Va99,5289,18.473,18.425,keep,18.449
EL18_5290,2,32,53,Ames27126,Ki43,5290,16.353,9.902,keep,13.1275
EL18_5291,2,32,52,Ames19011,Va38,5291,11.536,10.907,keep,11.2215
EL18_5292,2,32,51,PI558522,Mo3,5292,13.836,10.686,keep,12.261
EL18_5293,2,32,50,CIze38,CI38B,5293,13.094,11.39,keep,12.242
EL18_5294,2,32,49,PI601208,IB014,5294,18.654,14.645,keep,16.6495
EL18_5295,2,32,48,PI587136,Ky228,5295,7.037,6.144,keep,6.5905
EL18_5296,2,32,47,Ames30553,W601S,5296,35.251,29.848,keep,32.5495
EL18_5297,2,32,46,PI601171,LH93,5297,15.737,15.299,keep,15.518
EL18_5298,2,32,45,PI531509,R225,5298,15.444,13.735,keep,14.5895
EL18_5299,2,32,44,Ames28953,CI92,5299,11.892,10.416,keep,11.154
EL18_5300,2,32,43,PI555660,LH214,5300,31.166,27.257,keep,29.2115
EL18_5301,2,32,42,PI550464,B66,5301,20.383,17.557,keep,18.97
EL18_5302,2,32,41,PI601781,PHN37,5302,15.91,14.89,keep,15.4
EL18_5303,2,32,40,PI601727,L135,5303,17.38,16.618,keep,16.999
EL18_5304,2,32,39,Ames24590,I198,5304,16.751,16.497,keep,16.624
EL18_5305,2,32,38,PI574393,ZS365,5305,15.02,12.783,keep,13.9015
EL18_5306,2,32,37,Ames26745,WXB6,5306,13.805,12.683,keep,13.244
EL18_5307,2,32,36,PI524969,SD44,5307,19.439,14.381,keep,16.91
EL18_5308,2,32,35,Ames28184,CML69,5308,25.339,24.422,keep,24.8805
EL18_5309,2,32,34,Ames2334,Yong28(br2),5309,7.206,6.524,keep,6.865
EL18_5310,2,32,33,Ames22043,Me244Wb,5310,15.368,7.881,keep,11.6245
EL18_5311,2,32,32,PI601026,F42,5311,18.232,14.819,keep,16.5255
EL18_5312,2,32,31,Ames24589,I159,5312,13.628,9.391,keep,11.5095
EL18_5313,2,32,30,NSL30883,R113,5313,27.859,26.28,keep,27.0695
EL18_5314,2,32,29,PI601080,CR1HT,5314,18.049,14.538,keep,16.2935
EL18_5315,2,32,28,PI565087,8M129,5315,23.009,20.114,keep,21.5615
EL18_5316,2,32,27,Ames22767,W59E,5316,16.991,12.084,keep,14.5375
EL18_5317,2,32,26,NSL30868,R30,5317,12.342,11.703,keep,12.0225
EL18_5318,2,33,26,Ames23396,A155,5318,25.064,23.668,keep,24.366
EL18_5319,2,33,27,Ames27028,CL22,5319,34.72,32.009,keep,33.3645
EL18_5320,2,33,28,PI506246,Tzi8,5320,28.477,27.695,keep,28.086
EL18_5321,2,33,29,PI601172,HBA1,5321,11.884,10.009,keep,10.9465
EL18_5322,2,33,30,PI520774,NC264,5322,14.997,12.648,keep,13.8225
EL18_5323,2,33,31,PI601575,PHW52,5323,23.896,14.129,delete,19.0125
EL18_5324,2,33,32,PI564682,B97,5324,22.447,21.828,keep,22.1375
EL18_5325,2,33,33,PI559939,PHGV6,5325,18.969,18.268,keep,18.6185
EL18_5326,2,33,34,Ames24751,MS226,5326,15.251,11.054,keep,13.1525
EL18_5327,2,33,35,Ames24746,MS221,5327,21.675,21.366,keep,21.5205
EL18_5328,2,33,36,NSL30038,K4,5328,12.396,11.942,keep,12.169
EL18_5329,2,33,37,Ames27167,NC342,5329,20.062,16.65,keep,18.356
EL18_5330,2,33,38,PI559384,ICI986,5330,16.358,14.571,keep,15.4645
EL18_5331,2,33,39,PI561522,AR228,5331,11.368,11.016,keep,11.192
EL18_5332,2,33,40,CIze91,CI 91B,5332,7.828,7.71,keep,7.769
EL18_5333,2,33,41,PI565088,2MCDB,5333,22.91,16.943,keep,19.9265
EL18_5334,2,33,42,PI555650,LIBC4,5334,25.943,23.536,keep,24.7395
EL18_5335,2,33,43,PI550489,ND245,5335,19.624,18.588,keep,19.106
EL18_5336,2,33,44,PI537098,LH204,5336,11.554,7.401,keep,9.4775
EL18_5337,2,33,45,PI565106,PHJR5,5337,21.694,21.384,keep,21.539
EL18_5338,2,33,46,PI559940,PHGW7,5338,16.206,14.833,keep,15.5195
EL18_5339,2,33,47,NSL32726,ND167,5339,12.2,7.873,keep,10.0365
EL18_5340,2,33,48,PI601441,pB80,5340,19.221,18.528,keep,18.8745
EL18_5341,2,33,49,Ames27087,CML 220,5341,15.348,10.504,keep,12.926
EL18_5342,2,33,50,PI391678,TZU-CHIAO-HSI-WU 105,5342,21.068,15.429,keep,18.2485
EL18_5343,2,33,51,Ames26804,H121,5343,23.445,13.885,delete,18.665
EL18_5344,2,33,52,PI601774,PHJ33,5344,23.712,22.558,keep,23.135
EL18_5345,2,33,53,PI587133,P39,5345,11.151,9.371,keep,10.261
EL18_5346,2,33,54,Ames19327,Tx303,5346,13.361,12.135,keep,12.748
EL18_5347,2,33,55,Ames27191,U267Y,5347,15.632,12.725,keep,14.1785
EL18_5348,2,33,56,NSL30053,W22,5348,20.924,20.693,keep,20.8085
EL18_5349,2,33,57,Ames23423,A334,5349,18.958,17.787,keep,18.3725
EL18_5350,2,34,57,PI558523,Mo5,5350,7.18,5.795,keep,6.4875
EL18_5351,2,34,56,PI587155,W182BN,5351,13.398,11.75,keep,12.574
EL18_5352,2,34,55,Ames27021,CH753-4,5352,9.995,9.444,keep,9.7195
EL18_5353,2,34,54,PI601584,OQ603,5353,19.412,19.063,keep,19.2375
EL18_5354,2,34,53,Ames22747,CM48,5354,16.835,14.008,keep,15.4215
EL18_5355,2,34,52,PI564748,MBWZ,5355,11.315,8.957,keep,10.136
EL18_5356,2,34,51,NSL42875,A71,5356,12.453,9.164,keep,10.8085
EL18_5357,2,34,50,PI559949,PHT69,5357,16.054,13.412,keep,14.733
EL18_5358,2,34,49,PI591017,KO679Y,5358,20.089,13.404,keep,16.7465
EL18_5359,2,34,48,PI557556,911,5359,11.917,11.839,keep,11.878
EL18_5360,2,34,47,PI544065,BCC03,5360,26.604,20.776,keep,23.69
EL18_5361,2,34,46,PI340830,T242,5361,18.178,15.712,keep,16.945
EL18_5362,2,34,45,Ames27166,NC340,5362,11.84,11.228,keep,11.534
EL18_5363,2,34,44,PI550465,B68,5363,15.407,11.668,keep,13.5375
EL18_5364,2,34,43,PI597925,B107,5364,15.734,13.443,keep,14.5885
EL18_5365,2,34,42,PI566938,CQ702rc,5365,20.175,20.091,keep,20.133
EL18_5366,2,34,41,PI555659,LH164,5366,16.927,14.892,keep,15.9095
EL18_5367,2,34,40,NSL22632,K201,5367,11.608,11.296,keep,11.452
EL18_5368,2,34,39,PI543840,PHJ65,5368,19.056,15.048,keep,17.052
EL18_5369,2,34,38,Ames22754,K55,5369,12.884,9.192,keep,11.038
EL18_5370,2,34,37,Ames23389,A15,5370,30.915,23.132,keep,27.0235
EL18_5371,2,34,36,PI601490,787,5371,26.254,22.135,keep,24.1945
EL18_5372,2,34,35,PI601211,78010,5372,10.972,10.282,keep,10.627
EL18_5373,2,34,34,PI543849,PHW51,5373,15.443,14.935,keep,15.189
EL18_5374,2,34,33,PI555462,F118,5374,14.809,14.22,keep,14.5145
EL18_5375,2,34,32,PI594049,B106,5375,14.776,13.098,keep,13.937
EL18_5376,2,34,31,PI601405,LH85,5376,15.281,12.18,keep,13.7305
EL18_5377,2,34,30,PI601564,HB8229,5377,14.632,12.804,keep,13.718
EL18_5378,2,34,29,PI601558,11430,5378,12.215,7.181,keep,9.698
EL18_5379,2,34,28,PI601374,764,5379,10.536,10.286,keep,10.411
EL18_5380,2,34,27,PI603939,B42,5380,17.053,14.582,keep,15.8175
EL18_5381,2,34,26,PI601611,S8324,5381,11.118,9.134,keep,10.126
EL18_5382,2,35,26,Ames27131,Ky226,5382,10.314,8.581,keep,9.4475
EL18_5383,2,35,27,PI538009,LH196,5383,19.068,15.022,keep,17.045
EL18_5384,2,35,28,PI415086,4578 INBRED,5384,10.618,9.072,keep,9.845
EL18_5385,2,35,29,Ames30573,W816G,5385,20.534,17.452,keep,18.993
EL18_5386,2,35,30,PI601726,L127,5386,18.843,16.593,keep,17.718
EL18_5387,2,35,31,PI596355,N216,5387,23.927,22.023,keep,22.975
EL18_5388,2,35,32,Ames2339,HUOBAI,5388,12.002,10.379,keep,11.1905
EL18_5389,2,35,33,Ames27123,Ki3,5389,13.73,8.546,keep,11.138
EL18_5390,2,35,34,PI543847,PHV07,5390,21.36,19.631,keep,20.4955
EL18_5391,2,35,35,Ames23463,A627,5391,11.467,9.189,keep,10.328
EL18_5392,2,35,36,PI601566,MBST,5392,22.186,15.492,keep,18.839
EL18_5393,2,35,37,Ames27122,K148,5393,6.32,6.135,keep,6.2275
EL18_5394,2,35,38,PI608768,B87,5394,21.936,18.556,keep,20.246
EL18_5395,2,35,39,Ames27048,CO245,5395,26.904,24.693,keep,25.7985
EL18_5396,2,35,40,PI601417,NS701,5396,21.244,17.681,keep,19.4625
EL18_5397,2,35,41,Ames27118,Il14H,5397,13.152,10.407,keep,11.7795
EL18_5398,2,35,42,Ames2335,Ye 4,5398,10.25,9.27,keep,9.76
EL18_5399,2,35,43,PI594088,N542,5399,17.334,16.934,keep,17.134
EL18_5400,2,35,44,Ames26790,H52,5400,13.841,13.513,keep,13.677
EL18_5401,2,35,45,Ames28928,Mo28W,5401,13.978,12.564,keep,13.271
EL18_5402,2,35,46,Ames23422,A322,5402,14.007,11.615,keep,12.811
EL18_5403,2,35,47,PI186199,INBRED 141,5403,13.043,8.309,keep,10.676
EL18_5404,2,35,48,Ames26774,H14,5404,18.112,17.487,keep,17.7995
EL18_5405,2,35,49,Ames27051,CO256,5405,14.194,12.057,keep,13.1255
EL18_5406,2,35,50,PI601005,PH207,5406,27.422,20.092,keep,23.757
EL18_5407,2,35,51,PI601493,LH149,5407,21.627,19.976,keep,20.8015
EL18_5408,2,35,52,Ames19323,OH7B,5408,12.871,10.547,keep,11.709
EL18_5409,2,35,53,PI557557,912,5409,23.956,15.552,delete,19.754
EL18_5410,2,35,54,PI517971,Pa468,5410,9.959,8.114,keep,9.0365
EL18_5411,2,35,55,PI601569,PHN47,5411,21.884,16.867,keep,19.3755
EL18_5412,2,35,56,PI601775,PHJ70,5412,14.08,13.186,keep,13.633
EL18_5413,2,35,57,NSL30073,W37A,5413,21.075,17.834,keep,19.4545
EL18_5414,2,36,57,PI601790,PHW03,5414,25.21,20.824,keep,23.017
EL18_5415,2,36,56,PI594080,N534,5415,21.48,19.034,keep,20.257
EL18_5416,2,36,55,PI601416,LH61,5416,30.167,26.604,keep,28.3855
EL18_5417,2,36,54,PI596357,N218,5417,11.795,10.522,keep,11.1585
EL18_5418,2,36,53,PI509542,B89,5418,22.317,20.557,keep,21.437
EL18_5419,2,36,52,PI548839,MBUB,5419,22.76,21.192,keep,21.976
EL18_5420,2,36,51,PI554612,LH209,5420,17.722,17.234,keep,17.478
EL18_5421,2,36,50,PI601320,PHG84,5421,22.405,21.284,keep,21.8445
EL18_5422,2,36,49,PI550441,Mo18W,5422,11.713,9.608,keep,10.6605
EL18_5423,2,36,48,Ames26772,H5,5423,21.437,18.242,keep,19.8395
EL18_5424,2,36,47,PI601561,6M502,5424,30.568,29.844,keep,30.206
EL18_5425,2,36,46,Ames27088,CML 228,5425,14.65,14.427,keep,14.5385
EL18_5426,2,36,45,PI550467,B37,5426,24.397,22.856,keep,23.6265
EL18_5427,2,36,44,PI600944,LH39,5427,24.956,23.189,keep,24.0725
EL18_5428,2,36,43,PI601438,78371A,5428,28.951,25.159,keep,27.055
EL18_5429,2,36,42,PI539924,LH202,5429,15,12.373,keep,13.6865
EL18_5430,2,36,41,PI559382,ICI740,5430,21.75,21.102,keep,21.426
EL18_5431,2,36,40,PI601318,PHG47,5431,9.279,9.196,keep,9.2375
EL18_5432,2,36,39,Ames24742,MS211,5432,17.742,12.227,keep,14.9845
EL18_5433,2,36,38,Ames27069,CH701-30,5433,21.445,19.092,keep,20.2685
EL18_5434,2,36,37,PI543843,PHN34,5434,16.454,14.533,keep,15.4935
EL18_5435,2,36,36,PI565107,PHKE6,5435,19.24,17.812,keep,18.526
EL18_5436,2,36,35,Ames19321,N28,5436,5.972,4.931,keep,5.4515
EL18_5437,2,36,34,NSL81596,A258,5437,10.465,9.392,keep,9.9285
EL18_5438,2,36,33,Ames30572,W815G,5438,29.633,27.139,keep,28.386
EL18_5439,2,36,32,NSL81599,A659,5439,27.636,22.279,keep,24.9575
EL18_5440,2,36,31,Ames27138,N28Ht,5440,7.87,7.607,keep,7.7385
EL18_5441,2,36,30,PI601583,NS501,5441,13.42,12.602,keep,13.011
EL18_5442,2,36,29,Ames26604,38-11,5442,11.381,10.583,keep,10.982
EL18_5443,2,36,28,Ames30555,W603S,5443,20.236,19.938,keep,20.087
EL18_5444,2,36,27,PI601745,4N506,5444,14.21,13.904,keep,14.057
EL18_5445,2,36,26,PI601037,PHG80,5445,15.247,12.763,keep,14.005
EL18_5446,2,37,26,Ames26022,Tr,5446,12.812,9.914,keep,11.363
EL18_5447,2,37,27,Ames22023,C68,5447,12.044,10.356,keep,11.2
EL18_5448,2,37,28,Ames22757,Pa405,5448,20.354,20.069,keep,20.2115
EL18_5449,2,37,29,PI257517,FC46,5449,14.608,11.913,keep,13.2605
EL18_5450,2,37,30,PI601491,790,5450,19.326,14.137,keep,16.7315
EL18_5451,2,37,31,PI600751,SeagullSeventeen,5451,27.216,25.723,keep,26.4695
EL18_5452,2,37,32,PI539925,LH191,5452,25.434,22.991,keep,24.2125
EL18_5453,2,37,33,PI562381,LH224,5453,18.146,14.711,keep,16.4285
EL18_5454,2,37,34,PI186197,INBRED 100,5454,12.51,11.21,keep,11.86
EL18_5455,2,37,35,PI559947,PHR31,5455,25.367,13.418,delete,19.3925
EL18_5456,2,37,36,Ames26806,H124w,5456,20.593,12.917,keep,16.755
EL18_5457,2,37,37,PI601403,LH156,5457,23.107,17.556,keep,20.3315
EL18_5458,2,37,38,NSL34374,SD15,5458,12.849,11.459,keep,12.154
EL18_5459,2,37,39,PI547089,LH212Ht,5459,23.102,12.693,delete,17.8975
EL18_5460,2,37,40,Ames19014,Va52,5460,22.236,18.044,keep,20.14
EL18_5461,2,37,41,Ames23417,A305,5461,14.574,14.173,keep,14.3735
EL18_5462,2,37,42,PI564542,LH184,5462,14.199,13.729,keep,13.964
EL18_5463,2,37,43,PI601612,S8326,5463,11.955,5.734,keep,8.8445
EL18_5464,2,37,44,PI600955,LH51,5464,29.322,25.568,keep,27.445
EL18_5465,2,37,45,NSL65873,L317,5465,36.513,30.302,keep,33.4075
EL18_5466,2,37,46,PI601494,LH65,5466,21.252,19.126,keep,20.189
EL18_5467,2,37,47,PI554615,MM402A,5467,29.333,22.263,keep,25.798
EL18_5468,2,37,48,Ames27066,B164,5468,19.923,17.639,keep,18.781
EL18_5469,2,37,49,PI520770,W552,5469,9.458,8.578,keep,9.018
EL18_5470,2,37,50,PI558518,Mo15W,5470,12.946,12.677,keep,12.8115
EL18_5471,2,37,51,PI546483,6F629,5471,18.907,18.203,keep,18.555
EL18_5472,2,37,52,Ames27110,E2558W,5472,17.336,12.666,keep,15.001
EL18_5473,2,37,53,PI550440,B64,5473,10.467,9.611,keep,10.039
EL18_5474,2,37,54,Ames26128,CI 40H,5474,15.448,15.225,keep,15.3365
EL18_5475,2,37,55,PI587137,Ms71,5475,20.293,18.358,keep,19.3255
EL18_5476,2,37,56,Ames23484,A651,5476,22.984,21.745,keep,22.3645
EL18_5477,2,37,57,Ames2336,52220,5477,9.675,9.589,keep,9.632
EL18_5478,2,38,57,PI547090,LH213,5478,31.871,27.452,keep,29.6615
EL18_5479,2,38,56,PI535906,S 56,5479,26.621,25.143,keep,25.882
EL18_5480,2,38,55,Ames27193,Va85,5480,26.726,26.174,keep,26.45
EL18_5481,2,38,54,PI608765,B77,5481,11.818,9.487,keep,10.6525
EL18_5482,2,38,53,Ames27137,N6,5482,8.165,4.613,keep,6.389
EL18_5483,2,38,52,PI533659,SD102,5483,24.61,23.045,keep,23.8275
EL18_5484,2,38,51,Ames23427,A374,5484,16.369,12.973,keep,14.671
EL18_5485,2,38,50,Ames27079,CML 91,5485,15.6,9.083,keep,12.3415
EL18_5486,2,38,49,PI559381,ICI441,5486,23.862,19.884,keep,21.873
EL18_5487,2,38,48,PI565100,PHAW6,5487,18.803,15.401,keep,17.102
EL18_5488,2,38,47,Ames23497,A673,5488,22.976,17.494,keep,20.235
EL18_5489,2,38,46,PI601787,PHR63,5489,28.999,24.405,keep,26.702
EL18_5490,2,38,45,PI587140,A632,5490,16.788,10.971,keep,13.8795
EL18_5491,2,38,44,PI601685,WIL901,5491,28.89,21.468,keep,25.179
EL18_5492,2,38,43,PI564751,2FADB,5492,15.816,15.731,keep,15.7735
EL18_5493,2,38,42,PI508277,SD42,5493,18.834,14.95,keep,16.892
EL18_5494,2,38,41,NSL30876,R78,5494,21.267,18.074,keep,19.6705
EL18_5495,2,38,40,Ames27070,CM7,5495,36.807,23.153,delete,29.98
EL18_5496,2,38,39,PI601229,PHG83,5496,21.401,15.15,keep,18.2755
EL18_5497,2,38,38,Ames26805,H122w,5497,14.61,10.725,keep,12.6675
EL18_5498,2,38,37,Ames2337,HUANYAO,5498,13.457,9.936,keep,11.6965
EL18_5499,2,38,36,PI601686,WIL903,5499,17.768,13.493,keep,15.6305
EL18_5500,2,38,35,PI533658,SD101,5500,19.305,17.794,keep,18.5495
EL18_5501,2,38,34,Ames27039,CO117,5501,15.755,15.095,keep,15.425
EL18_5502,2,38,33,PI594047,B104,5502,12.608,8.805,keep,10.7065
EL18_5503,2,38,32,PI601300,4676A,5503,15.006,13.51,keep,14.258
EL18_5504,2,38,31,PI601150,PHG71,5504,19.024,12.465,keep,15.7445
EL18_5505,2,38,30,Ames27121,K64,5505,18.939,17.683,keep,18.311
EL18_5506,2,38,29,PI564755,LH183,5506,17.909,15.728,keep,16.8185
EL18_5507,2,38,28,PI562379,LH172,5507,22.921,17.464,keep,20.1925
EL18_5508,2,38,27,PI542716,NP87,5508,11.112,9.815,keep,10.4635
EL18_5509,2,38,26,Ames30557,W605S,5509,15.317,13.388,keep,14.3525
EL18_5510,2,39,26,Ames19313,C123,5510,16.252,11.544,keep,13.898
EL18_5511,2,39,27,Ames26797,H96,5511,11.174,10.229,keep,10.7015
EL18_5512,2,39,28,Ames22794,ABPl5,5512,12.411,10.911,keep,11.661
EL18_5513,2,39,29,PI550470,B54,5513,12.661,11.897,keep,12.279
EL18_5514,2,39,30,PI531083,Pa891,5514,27.067,20.345,keep,23.706
EL18_5515,2,39,31,PI601459,IBC2,5515,17.968,17.402,keep,17.685
EL18_5516,2,39,32,Ames27043,CO192,5516,17.605,14.24,keep,15.9225
EL18_5517,2,39,33,PI546484,6M502A,5517,29.579,28.241,keep,28.91
EL18_5518,2,39,34,PI601489,740,5518,29.513,26.706,keep,28.1095
EL18_5519,2,39,35,Ames27096,CML 322,5519,14.33,13.636,keep,13.983
EL18_5520,2,39,36,PI186196,INBRED 109,5520,10.032,9.376,keep,9.704
EL18_5521,2,39,37,PI601778,PHM10,5521,17.655,15.04,keep,16.3475
EL18_5522,2,39,38,PI601574,PHT60,5522,12.683,12.03,keep,12.3565
EL18_5523,2,39,39,PI594050,N501,5523,14.62,13.107,keep,13.8635
EL18_5524,2,39,40,Ames27068,CH9,5524,19.555,17.748,keep,18.6515
EL18_5525,2,39,41,Ames12732,NC232,5525,9.134,8.468,keep,8.801
EL18_5526,2,39,42,Ames24585,CG10,5526,20.456,15.554,keep,18.005
EL18_5527,2,39,43,PI595541,CML 247,5527,12.813,11.491,keep,12.152
EL18_5528,2,39,44,PI531511,R227,5528,20.979,16.334,keep,18.6565
EL18_5529,2,39,45,PI340827,T141,5529,9.88,5.347,keep,7.6135
EL18_5530,2,39,46,CIze64,CI 64,5530,18.36,15.107,keep,16.7335
EL18_5531,2,39,47,PI517974,Pa880,5531,7.148,6.14,keep,6.644
EL18_5532,2,39,48,NSL30904,4226,5532,14.259,12.859,keep,13.559
EL18_5533,2,39,49,Ames22047,NJ159,5533,9.812,7.246,keep,8.529
EL18_5534,2,39,50,Ames27133,M37W,5534,29.506,27.607,keep,28.5565
EL18_5535,2,39,51,PI547087,LH181,5535,26.422,25.167,keep,25.7945
EL18_5536,2,39,52,Ames12731,NC230,5536,16.679,15.747,keep,16.213
EL18_5537,2,39,53,NSL22630,K150,5537,18.277,15.673,keep,16.975
EL18_5538,2,39,54,Ames27136,Mo.G,5538,18.126,17.962,keep,18.044
EL18_5539,2,39,55,Ames26803,H113,5539,18.614,13.367,keep,15.9905
EL18_5540,2,39,56,PI601006,PHG50,5540,20.162,16.149,keep,18.1555
EL18_5541,2,39,57,PI564852,B101,5541,16.978,14.278,keep,15.628
EL18_5542,2,40,57,PI543850,PHW86,5542,25.133,7.836,delete,16.4845
EL18_5543,2,40,56,PI610494,NY6371,5543,13.504,10.887,keep,12.1955
EL18_5544,2,40,55,PI340819,T9,5544,27.625,18.859,delete,23.242
EL18_5545,2,40,54,PI595565,CML 287,,,,,
EL18_5546,2,40,53,Ames30576,W819G,5546,18.757,18.599,keep,18.678
EL18_5547,2,40,52,PI601782,PHN73,5547,16.992,14.007,keep,15.4995
EL18_5548,2,40,51,PI542777,HP72-11,5548,9.573,7.425,keep,8.499
EL18_5549,2,40,50,Ames27171,NC350,5549,11.74,11.653,keep,11.6965
EL18_5550,2,40,49,Ames27134,M162W,5550,16.054,13.175,keep,14.6145
EL18_5551,2,40,48,PI601785,PHP60,5551,8.611,8.172,keep,8.3915
EL18_5552,2,40,47,PI340855,B-18 INBR.FR.SUPERGOLD,5552,12.534,9.315,keep,10.9245
EL18_5553,2,40,46,PI340821,G22 T122,5553,12.877,6.386,keep,9.6315
EL18_5554,2,40,45,PI427111,Chi-tan 120,5554,29.342,11.934,delete,20.638
EL18_5555,2,40,44,PI595367,N215,5555,17.404,11.923,keep,14.6635
EL18_5556,2,40,43,PI600958,FAPW,5556,12.062,10.27,keep,11.166
EL18_5557,2,40,42,PI601571,PHR32,5557,16.886,14.166,keep,15.526
EL18_5558,2,40,41,PI601567,PHH93,,,,,
EL18_5559,2,40,40,Ames23482,A649,5559,21.222,18.817,keep,20.0195
EL18_5560,2,40,39,PI559380,ICI193,5560,19.962,12.702,keep,16.332
EL18_5561,2,40,38,Ames24748,MS223,5561,23.147,21.82,keep,22.4835
EL18_5562,2,40,37,PI601783,PHN82,5562,11.282,11.058,keep,11.17
EL18_5563,2,40,36,PI557562,LH197,5563,14.695,9.035,keep,11.865
EL18_5564,2,40,35,PI583774,ML606,5564,13.882,5.796,delete,9.839
EL18_5565,2,40,34,Ames2331,Yellow 3-4,5565,18.422,17.514,keep,17.968
EL18_5566,2,40,33,PI601788,PHT22,5566,14.985,14.157,keep,14.571
EL18_5567,2,40,32,PI427109,Eng-Li Chih,5567,24.877,22.586,keep,23.7315
EL18_5568,2,40,31,PI548805,PHR58,5568,17.13,13.012,keep,15.071
EL18_5569,2,40,30,PI555651,83IBI3,5569,19.473,12.734,keep,16.1035
EL18_5570,2,40,29,NSL30056,W703,5570,15.043,10.71,keep,12.8765
EL18_5571,2,40,28,PI601362,PHW17,5571,19.912,16.418,keep,18.165
EL18_5572,2,40,27,PI601317,LH57,5572,9.013,8.84,keep,8.9265
EL18_5573,2,40,26,Ames10254,GE54,5573,17.867,15.893,keep,16.88
EL18_5574,2,41,26,Ames30571,W814G,5574,23.078,20.548,keep,21.813
EL18_5575,2,41,27,Ames27107,CO255,5575,14.477,14.014,keep,14.2455
EL18_5576,2,41,28,Ames30569,W812G,5576,12.234,10.057,keep,11.1455
EL18_5577,2,41,29,PI601725,J8606,5577,18.436,17.817,keep,18.1265
EL18_5578,2,41,30,PI257507,F7,5578,23.283,22.192,keep,22.7375
EL18_5579,2,41,31,PI559917,MQ305,5579,10.744,5.447,keep,8.0955
EL18_5580,2,41,32,PI596356,N217,5580,12.376,9.936,keep,11.156
EL18_5581,2,41,33,PI527700,B91,5581,6.275,5.82,keep,6.0475
EL18_5582,2,41,34,PI587146,Oh7,5582,10.803,10.125,keep,10.464
EL18_5583,2,41,35,PI537099,LH205,5583,16.503,15.114,keep,15.8085
EL18_5584,2,41,36,PI601572,PHR47,5584,26.629,22.262,keep,24.4455
EL18_5585,2,41,37,PI558532,Mo17,5585,14.165,10.706,keep,12.4355
EL18_5586,2,41,38,Ames23424,A340,5586,20.745,11.058,delete,15.9015
EL18_5587,2,41,39,PI517968,Pa392,5587,16.316,15.627,keep,15.9715
EL18_5588,2,41,40,Ames27187,R4,5588,17.17,13.684,keep,15.427
EL18_5589,2,41,41,PI537101,LH211,5589,13.197,11.028,keep,12.1125
EL18_5590,2,41,42,Ames19319,H95,5590,18.252,8.889,delete,13.5705
EL18_5591,2,41,43,PI548802,PHN66,5591,12.161,11.852,keep,12.0065
EL18_5592,2,41,44,Ames27174,NC356,5592,22.385,18.403,keep,20.394
EL18_5593,2,41,45,PI559941,PHHV4,5593,14.411,13.552,keep,13.9815
EL18_5594,2,41,46,PI601808,2FACC,5594,13.741,12.747,keep,13.244
EL18_5595,2,41,47,PI594084,N538,5595,12.546,11.74,keep,12.143
EL18_5596,2,41,48,PI186227,INBRED 309,5596,18.43,13.341,keep,15.8855
EL18_5597,2,41,49,PI538008,LH163,5597,7.913,5.28,keep,6.5965
EL18_5598,2,41,50,PI587131,HP301,5598,17.721,15.469,keep,16.595
EL18_5599,2,41,51,Ames19288,Oh43,5599,7.889,6.166,keep,7.0275
EL18_5600,2,41,52,Ames26787,H49,5600,14.695,10.987,keep,12.841
EL18_5601,2,41,53,PI539927,LH193,5601,25.188,24.361,keep,24.7745
EL18_5602,2,41,54,PI391665,YING-55,5602,18.578,14.491,keep,16.5345
EL18_5603,2,41,55,PI583350,Mo45,5603,32.044,28.08,keep,30.062
EL18_5604,2,41,56,PI564539,LH166,5604,14.859,14.162,keep,14.5105
EL18_5605,2,41,57,Ames27031,CM99,5605,27.023,26.634,keep,26.8285
EL18_5606,2,42,57,PI578029,PHBB3,5606,13.444,11.076,keep,12.26
EL18_5607,2,42,56,PI559921,OS602,5607,12.21,10.69,keep,11.45
EL18_5608,2,42,55,NSL65863,B7,5608,19.228,16.287,keep,17.7575
EL18_5609,2,42,54,PI415082,4554 INBRED,5609,18.565,15.012,keep,16.7885
EL18_5610,2,42,53,PI601496,PHK76,5610,19.601,11.025,delete,15.313
EL18_5611,2,42,52,Ames27446,Il778d,5611,10.949,10.831,keep,10.89
EL18_5612,2,42,51,Ames22443,A188,5612,14.141,10.627,keep,12.384
EL18_5613,2,42,50,NSL30878,R101,5613,16.618,15.575,keep,16.0965
EL18_5614,2,42,49,PI601498,PHT55,5614,17.772,13.949,keep,15.8605
EL18_5615,2,42,48,PI587130,4722,5615,26.175,25.953,keep,26.064
EL18_5616,2,42,47,NSL28966,Oh40B,5616,19.097,15.843,keep,17.47
EL18_5617,2,42,46,PI550695,L155,5617,21.126,12.268,delete,16.697
EL18_5618,2,42,45,PI550532,ND251,5618,22.07,19.579,keep,20.8245
EL18_5619,2,42,44,Ames23498,A674,5619,18.257,13.471,keep,15.864
EL18_5620,2,42,43,PI601170,LH82,5620,23.372,22.595,keep,22.9835
EL18_5621,2,42,42,PI601610,H8431,5621,6.412,5.284,keep,5.848
EL18_5622,2,42,41,PI340829,T146,5622,10.776,8.267,keep,9.5215
EL18_5623,2,42,40,Ames19316,CM174,5623,13.813,12.476,keep,13.1445
EL18_5624,2,42,39,PI593008,Hi26,5624,13.585,8.102,keep,10.8435
EL18_5625,2,42,38,Ames10256,GE129,5625,17.1,12.022,keep,14.561
EL18_5626,2,42,37,PI565109,PHN41,5626,12.759,11.598,keep,12.1785
EL18_5627,2,42,36,PI597926,B108,5627,10.946,10.119,keep,10.5325
EL18_5628,2,42,35,PI601440,MBPM,5628,19.982,19.177,keep,19.5795
EL18_5629,2,42,34,PI548799,PHJ90,5629,19.58,18.543,keep,19.0615
EL18_5630,2,42,33,PI601684,WIL900,5630,12.806,11.392,keep,12.099
EL18_5631,2,42,32,NSL65874,Os420,5631,11.743,10.401,keep,11.072
EL18_5632,2,42,31,PI548800,PHK93,5632,10.504,9.421,keep,9.9625
EL18_5633,2,42,30,PI595366,N209,5633,14.235,7.583,keep,10.909
EL18_5634,2,42,29,PI600959,LH145,5634,11.316,9.543,keep,10.4295
EL18_5635,2,42,28,PI601777,PHK35,5635,25.907,19.389,keep,22.648
EL18_5636,2,42,27,PI601780,PHN29,5636,11.803,9.148,keep,10.4755
EL18_5637,2,42,26,Ames27155,NC318,5637,10.987,7.044,keep,9.0155
EL18_5638,2,43,26,Ames27082,CML 108,5638,13.759,9.966,keep,11.8625
EL18_5639,2,43,27,PI369437,80-2,5639,11.26,7.734,keep,9.497
EL18_5640,2,43,28,PI531510,R226,5640,17.643,15.57,keep,16.6065
EL18_5641,2,43,29,Ames27168,NC344,5641,12.397,12.292,keep,12.3445
EL18_5642,2,43,30,PI539926,LH192,5642,10.002,8.136,keep,9.069
EL18_5643,2,43,31,PI601791,PHW20,5643,16.476,15.427,keep,15.9515
EL18_5644,2,43,32,PI601499,PHT77,5644,27.416,25.274,keep,26.345
EL18_5645,2,43,33,Ames19284,C103,5645,17.808,16.999,keep,17.4035
EL18_5646,2,43,34,PI601559,2369,5646,19.902,16.523,keep,18.2125
EL18_5647,2,43,35,NSL65872,L 289,5647,9.806,8.154,keep,8.98
EL18_5648,2,43,36,PI221773,A415-1-3 INBRED,5648,15.983,13.436,keep,14.7095
EL18_5649,2,43,37,PI595544,CML 264,5649,22.797,20.904,keep,21.8505
EL18_5650,2,43,38,PI186226,INBRED 305,5650,19.647,17.024,keep,18.3355
EL18_5651,2,43,39,PI560081,Pa778,5651,18.868,16.338,keep,17.603
EL18_5652,2,43,40,Ames22755,N197,,,,,
EL18_5653,2,43,41,Ames12726,NC13,5653,17.342,14.276,keep,15.809
EL18_5654,2,43,42,Ames27057,CSJ3,5654,11.846,10.573,keep,11.2095
EL18_5655,2,43,43,PI601500,PHV63,5655,14.385,12.606,keep,13.4955
EL18_5656,2,43,44,PI601502,W8304,5656,9.309,8.642,keep,8.9755
EL18_5657,2,43,45,PI601377,794,5657,9.542,8.435,keep,8.9885
EL18_5658,2,43,46,PI601003,LH143CMS,5658,15.203,12.567,keep,13.885
EL18_5659,2,43,47,Ames23405,A239,5659,10.975,9.293,keep,10.134
EL18_5660,2,43,48,Ames28186,P39Goodman-Buckler,5660,11.21,11.077,keep,11.1435
EL18_5661,2,43,49,NSL30064,W24,5661,18.308,14.413,keep,16.3605
EL18_5662,2,43,50,Ames20140,Mt42,5662,16.71,13.968,keep,15.339
EL18_5663,2,43,51,PI601439,FBHJ,5663,18.253,17.022,keep,17.6375
EL18_5664,2,43,52,PI546494,ND265,5664,18.158,15.663,keep,16.9105
EL18_5665,2,43,53,Ames22756,Os426,5665,24.745,21.662,keep,23.2035
EL18_5666,2,43,54,PI601079,LH123HT,5666,13.797,11.482,keep,12.6395
EL18_5667,2,43,55,PI548808,PHW30,5667,21.441,17.048,keep,19.2445
EL18_5668,2,43,56,Ames19326,R168,5668,21.441,17.048,keep,19.2445
EL18_5669,2,43,57,PI587138,A554,5669,14.969,13.6,keep,14.2845
EL18_5670,2,44,57,PI587142,A679,5670,11.148,10.794,keep,10.971
EL18_5671,2,44,56,PI594046,B103,5671,13.028,12.239,keep,12.6335
EL18_5672,2,44,55,PI546485,NL001,5672,15.984,15.682,keep,15.833
EL18_5673,2,44,54,PI565099,PHVJ4,5673,25.236,22.508,keep,23.872
EL18_5674,2,44,53,NSL30867,M14,5674,21.715,18.81,keep,20.2625
EL18_5675,2,44,52,Ames27101,CML333,5675,9.577,6.824,keep,8.2005
EL18_5676,2,44,51,PI391680,WU-TAN-TZAO,5676,11.467,9.422,keep,10.4445
EL18_5677,2,44,50,Ames21512,CI31A,5677,11.945,11.086,keep,11.5155
EL18_5678,2,44,49,NSL30896,R181B,5678,15.907,12.949,keep,14.428
EL18_5679,2,44,48,Ames23421,A321,5679,17.547,17.01,keep,17.2785
EL18_5680,2,44,47,NSL30884,R134,5680,23.559,20.246,keep,21.9025
EL18_5681,2,44,46,PI601470,PHV78,5681,25.184,19.059,keep,22.1215
EL18_5682,2,44,45,PI522250,ND262,5682,8.775,7.095,keep,7.935
EL18_5683,2,44,44,PI560316,CS608,5683,18.946,17.988,keep,18.467
EL18_5684,2,44,43,Ames27046,CO236,5684,20.619,17.445,keep,19.032
EL18_5685,2,44,42,PI568158,N199,5685,14.852,13.628,keep,14.24
EL18_5686,2,44,41,Ames28930,Mo30W,5686,22.054,19.317,keep,20.6855
EL18_5687,2,44,40,PI607512,N7A,5687,10.194,10.088,keep,10.141
EL18_5688,2,44,39,PI601191,DJ7,5688,11.817,10.279,keep,11.048
EL18_5689,2,44,38,Ames27081,CML103,5689,21.271,19.281,keep,20.276
EL18_5690,2,44,37,Ames23503,A680,5690,14.335,13.714,keep,14.0245
EL18_5691,2,44,36,PI601230,LH150,5691,18.091,14.304,keep,16.1975
EL18_5692,2,44,35,PI559919,OQ101,5692,19.872,14.852,keep,17.362
EL18_5693,2,44,34,Ames22441,CH157,5693,18.275,17.607,keep,17.941
EL18_5694,2,44,33,Ames20116,Mo23W,5694,9.049,9,keep,9.0245
EL18_5695,2,44,32,PI559942,PHK74,5695,20.509,17.2,keep,18.8545
EL18_5696,2,44,31,Ames19309,A635,5696,11.231,8.959,keep,10.095
EL18_5697,2,44,30,Ames27111,EP1,5697,19.447,14.567,keep,17.007
EL18_5698,2,44,29,NSL30861,A,5698,9.735,9.39,keep,9.5625
EL18_5699,2,44,28,NSL30894,R177,5699,19.336,18.927,keep,19.1315
EL18_5700,2,44,27,Ames24730,MS132,5700,13.328,12.176,keep,12.752
EL18_5701,2,44,26,PI552815,LH215,5701,12.271,8.031,keep,10.151
EL18_5702,2,45,26,Ames23507,C42,5702,12.498,11.455,keep,11.9765
EL18_5703,2,45,27,PI601658,1538,5703,15.475,13.694,keep,14.5845
EL18_5704,2,45,28,PI600957,LH74,5704,10.206,9.146,keep,9.676
EL18_5705,2,45,29,PI601209,MBNA,5705,20.98,19.764,keep,20.372
EL18_5706,2,45,30,PI600791,LH38,5706,21.27,16.303,keep,18.7865
EL18_5707,2,45,31,PI600755,LP1CMSHT,5707,14.993,9.241,keep,12.117
EL18_5708,2,45,32,Ames24750,MS225,5708,13.223,11.848,keep,12.5355
EL18_5709,2,45,33,Ames24747,MS222,5709,23.631,19.642,keep,21.6365
EL18_5710,2,45,34,Ames12729,NC222,5710,15.444,12.831,keep,14.1375
EL18_5711,2,45,35,PI607523,A663,5711,16.38,13.725,keep,15.0525
EL18_5712,2,45,36,PI557569,LH216,5712,26.512,26.328,keep,26.42
EL18_5713,2,45,37,PI537100,LH210,5713,35.04,27.338,keep,31.189
EL18_5714,2,45,38,PI537097,LH195,5714,19.141,15.554,keep,17.3475
EL18_5715,2,45,39,Ames28937,Mo39,5715,17.835,17.037,keep,17.436
EL18_5716,2,45,40,PI601469,PHR25,5716,19.283,15.491,keep,17.387
EL18_5717,2,45,41,PI391682,YE-CHI-HUNG,5717,16.651,8.826,keep,12.7385
EL18_5718,2,45,42,PI601492,793,5718,11.794,9.78,keep,10.787
EL18_5719,2,45,43,PI601319,PHG72,5719,26.629,13.42,delete,20.0245
EL18_5720,2,45,44,PI565111,PHV57,5720,19.972,14.083,keep,17.0275
EL18_5721,2,45,45,PI550503,ND247,5721,10.763,9.397,keep,10.08
EL18_5722,2,45,46,PI601270,PHG29,5722,23.968,19.662,keep,21.815
EL18_5723,2,45,47,PI257513,F115,5723,12.686,10.259,keep,11.4725
EL18_5724,2,45,48,PI607522,A662,5724,24.757,16.951,keep,20.854
EL18_5725,2,45,49,Ames27112,F2834T,5725,9.018,7.572,keep,8.295
EL18_5726,2,45,50,PI601360,LH52,5726,19.656,12.995,keep,16.3255
EL18_5727,2,45,51,PI557563,LH198,5727,18.162,10.563,keep,14.3625
EL18_5728,2,45,52,PI587151,Va102,5728,29.787,25.261,keep,27.524
EL18_5729,2,45,53,PI565105,PHHH9,5729,22.915,16.05,keep,19.4825
EL18_5730,2,45,54,Ames30577,W820G,5730,15.662,12.649,keep,14.1555
EL18_5731,2,45,55,Ames27117,Ia5125B,5731,14.014,12.541,keep,13.2775
EL18_5732,2,45,56,PI601269,5707,5732,19.469,17.923,keep,18.696
EL18_5733,2,45,57,PI601378,LP5,5733,12.224,9.805,keep,11.0145
EL18_5734,2,46,57,PI644101,LH1,5734,28.119,27.822,keep,27.9705
EL18_5735,2,46,56,PI601792,PHW43,5735,30.872,27.462,keep,29.167
EL18_5736,2,46,55,Ames27124,Ki11,5736,17.284,14.178,keep,15.731
EL18_5737,2,46,54,PI565112,PHW53,5737,16.575,13.1,keep,14.8375
EL18_5738,2,46,53,PI601361,PHR36,5738,20.872,12.592,delete,16.732
EL18_5739,2,46,52,PI564754,3IIH6,5739,16.061,13.344,keep,14.7025
EL18_5740,2,46,51,PI558516,Mo7,5740,19.779,8.937,delete,14.358
EL18_5741,2,46,50,PI550567,N193,5741,17.208,13.652,keep,15.43
EL18_5742,2,46,49,Ames22439,A73,,,,,
EL18_5743,2,46,48,PI596506,OC19,5743,12.272,10.043,keep,11.1575
EL18_5744,2,46,47,PI601570,PHP02,5744,18.069,17.764,keep,17.9165
EL18_5745,2,46,46,CIze28,CI 28A,5745,20.798,12.594,delete,16.696
EL18_5746,2,46,45,PI601468,PHK29,5746,16.738,12.503,keep,14.6205
EL18_5747,2,46,44,PI550526,H110,5747,12.134,6.509,keep,9.3215
EL18_5748,2,46,43,Ames22016,C15,5748,10.513,7.6,keep,9.0565
EL18_5749,2,46,42,Ames24710,MS67,5749,26.548,20.606,keep,23.577
EL18_5750,2,46,41,NSL22635,K41,5750,17.012,10.304,keep,13.658
EL18_5751,2,46,40,Ames27052,CO257,5751,8.595,8.561,keep,8.578
EL18_5752,2,46,39,PI539923,LH194,5752,14.282,13.884,keep,14.083
EL18_5753,2,46,38,PI601497,PHN11,5753,13.216,12.765,keep,12.9905
EL18_5754,2,46,37,Ames30574,W817G,5754,21.238,21.088,keep,21.163
EL18_5755,2,46,36,PI594091,N545,5755,13.643,11.623,keep,12.633
EL18_5756,2,46,35,PI559946,PHR30,5756,15.817,11.097,keep,13.457
EL18_5757,2,46,34,PI538007,LH127,,,,,
EL18_5758,2,46,33,Ames27192,Va14,5758,22.297,9.08,delete,15.6885
EL18_5759,2,46,32,Ames23435,A427,5759,15.853,10.831,keep,13.342
EL18_5760,2,46,31,PI369446,U 123,5760,11.135,6.71,keep,8.9225
EL18_5761,2,46,30,PI578030,PHEG9,5761,6.85,5.375,keep,6.1125
EL18_5762,2,46,29,PI550461,B14A,5762,23.169,11.65,delete,17.4095
EL18_5763,2,46,28,PI538010,LH206,5763,17.431,12.802,keep,15.1165
EL18_5764,2,46,27,PI601442,PHG86,5764,20.291,14.256,keep,17.2735
EL18_5765,2,46,26,Ames27086,CML 218,5765,7.118,6.909,keep,7.0135
EL18_5766,2,47,26,NSL42878,A171,5766,11.662,11.652,keep,11.657
EL18_5767,2,47,27,PI547086,LH128,5767,29.865,26.823,keep,28.344
EL18_5768,2,47,28,PI601689,WIL500,5768,12.841,10.56,keep,11.7005
EL18_5769,2,47,29,NSL22983,C102,5769,36.086,31.945,keep,34.0155
EL18_5770,2,47,30,PI559383,ICI893,5770,15.51,11.949,keep,13.7295
EL18_5771,2,47,31,PI601457,IB02,5771,9.83,7.837,keep,8.8335
EL18_5772,2,47,32,Ames2333,YONG 28,5772,5.763,5.201,keep,5.482
EL18_5773,2,47,33,PI593010,Hi28,5773,13.988,13.906,keep,13.947
EL18_5774,2,47,34,PI548803,PHR03,5774,21.21,20.444,keep,20.827
EL18_5775,2,47,35,PI548838,MBSJ,5775,17.133,17.109,keep,17.121
EL18_5776,2,47,36,PI587154,W153R,5776,13.405,12.407,keep,12.906
EL18_5777,2,47,37,Ames27042,CO158,5777,12.73,11.279,keep,12.0045
EL18_5778,2,47,38,Ames24749,MS224,5778,14.095,9.404,keep,11.7495
EL18_5779,2,47,39,PI548798,PHJ89,5779,15.372,11.392,keep,13.382
EL18_5780,2,47,40,NSL30872,R71,5780,11.989,10.268,keep,11.1285
EL18_5781,2,47,41,Ames27114,H91,5781,15.356,13.926,keep,14.641
EL18_5782,2,47,42,Ames30568,W811G,5782,22.496,21.657,keep,22.0765
EL18_5783,2,47,43,PI601009,PHB47,5783,29.071,28.184,keep,28.6275
EL18_5784,2,47,44,PI601560,2MA22,5784,19.009,15.973,keep,17.491
EL18_5785,2,47,45,Ames27190,T234,5785,14.53,13.152,keep,13.841
EL18_5786,2,47,46,PI608777,B85,5786,22.94,19.904,keep,21.422
EL18_5787,2,47,47,NSL30060,W23,5787,26.748,17.54,delete,22.144
EL18_5788,2,47,48,PI606768,SD40,5788,15.782,15.757,keep,15.7695
EL18_5789,2,47,49,PI600981,PHG39,5789,29.585,15.038,delete,22.3115
EL18_5790,2,47,50,Ames23430,A401,5790,10.057,9.322,keep,9.6895
EL18_5791,2,47,51,PI564697,ICI581,5791,29.634,23.52,keep,26.577
EL18_5792,2,47,52,Ames27097,CML 323,5792,20.938,19.848,keep,20.393
EL18_5793,2,47,53,PI604606,N527,5793,10.955,9.049,keep,10.002
EL18_5794,2,47,54,PI608766,B79,5794,11.993,10.487,keep,11.24
EL18_5795,2,47,55,PI601568,PHM49,,,,,
EL18_5796,2,47,56,Ames27025,CL18,5796,24.168,14.947,delete,19.5575
EL18_5797,2,47,57,NSL30065,W9,5797,15,12.186,keep,13.593
EL18_5798,2,48,57,PI559936,PHBW8,5798,31.004,16.472,delete,23.738
EL18_5799,2,48,56,PI597927,B109,5799,12.374,11.758,keep,12.066
EL18_5800,2,48,55,NSL81597,A648,5800,8.7,6.907,keep,7.8035
EL18_5801,2,48,54,NSL30066,WR3,5801,22.072,15.539,keep,18.8055
EL18_5802,2,48,53,PI391672,YANG,5802,11.585,10.406,keep,10.9955
EL18_5803,2,48,52,NSL32738,ND283,5803,13.471,11.74,keep,12.6055
EL18_5804,2,48,51,PI601784,PHP55,5804,28.497,23.886,keep,26.1915
EL18_5805,2,48,50,PI550522,T232,5805,19.726,12.674,keep,16.2
EL18_5806,2,48,49,PI595550,CML 277,5806,12.065,11.535,keep,11.8
EL18_5807,2,48,48,PI601316,LH54,5807,18.745,15.352,keep,17.0485
EL18_5808,2,48,47,PI559944,PHP85,5808,30.527,30.211,keep,30.369
EL18_5809,2,48,46,PI559951,PHTM9,5809,15.929,13.243,keep,14.586
EL18_5810,2,48,45,NSL32723,ND1,5810,27.507,15.015,delete,21.261
EL18_5811,2,48,44,NSL65866,B14,5811,18.422,16.544,keep,17.483
EL18_5812,2,48,43,PI595542,CML 254,5812,9.784,8.275,keep,9.0295
EL18_5813,2,48,42,PI601004,LH132,5813,19.535,16.032,keep,17.7835
EL18_5814,2,48,41,Ames30570,W813G,5814,10.802,9.97,keep,10.386
EL18_5815,2,48,40,PI583352,Mo47,5815,23.926,20.536,keep,22.231
EL18_5816,2,48,39,Ames24713,MS72,5816,13.601,11.642,keep,12.6215
EL18_5817,2,48,38,PI550573,ND260,5817,11.804,10.306,keep,11.055
EL18_5818,2,48,37,PI527699,B90,5818,13.294,9.928,keep,11.611
EL18_5819,2,48,36,PI601404,LH60,5819,11.041,8.242,keep,9.6415
EL18_5820,2,48,35,Ames24734,MS153,5820,22.735,19.239,keep,20.987
EL18_5821,2,48,34,PI550556,B88,5821,12.141,12.138,keep,12.1395
EL18_5822,2,48,33,PI601789,PHV37,5822,10.53,4.592,keep,7.561
EL18_5823,2,48,32,PI601501,PHW65,,,,,
EL18_5824,2,48,31,PI559918,NQ508,5824,18.87,15.545,keep,17.2075
EL18_5825,2,48,30,PI564752,MM501D,5825,17.337,8.767,delete,13.052
EL18_5826,2,48,29,PHP02 filler,PHP02,5826,20.435,18.764,keep,19.5995
EL18_5827,2,48,28,PI601562,78551S,5827,12.753,12.266,keep,12.5095
EL18_5828,2,48,27,PI601779,PHM57,5828,16.024,12.707,keep,14.3655
EL18_5829,2,48,26,PI587124,CM105,5829,16.385,14.212,keep,15.2985
EL18_5830,2,49,26,Ames27119,Il 101T,5830,19.86,6.598,delete,13.229
EL18_5831,2,49,27,Ames24706,MS12,5831,20.537,17.474,keep,19.0055
EL18_5832,2,49,28,PI560317,904,5832,22.519,16.525,keep,19.522
EL18_5833,2,49,29,PI559935,PHBA6,5833,17.132,13.997,keep,15.5645
EL18_5834,2,49,30,PI562377,LH159,5834,16.788,16.291,keep,16.5395
EL18_5835,2,49,31,PI587134,IA2132,5835,19.521,11.164,delete,15.3425
EL18_5836,2,49,32,PI601773,PHJ31,5836,18.564,12.608,keep,15.586
EL18_5837,2,49,33,NSL32728,ND230,5837,27.273,20.38,keep,23.8265
EL18_5838,2,49,34,Ames27175,NC358,5838,7.943,5.311,keep,6.627
EL18_5839,2,49,35,Ames30575,W818G,5839,15.783,15.77,keep,15.7765
EL18_5840,2,49,36,PI595561,CML 52,5840,16.491,14.027,keep,15.259
EL18_5841,2,49,37,PI574394,ZS635,5841,9.413,8.241,keep,8.827
EL18_5842,2,49,38,Ames27261,NC298,5842,8.079,8.072,keep,8.0755
EL18_5843,2,49,39,PI539921,LH162,5843,22.494,16.503,keep,19.4985
EL18_5844,2,49,40,PI601008,PHG35,5844,21.356,7.128,delete,14.242
EL18_5845,2,49,41,NSL30869,R53,5845,21.799,17.843,keep,19.821
EL18_5846,2,49,42,PI550454,B52,5846,12.722,12.397,keep,12.5595
EL18_5847,2,49,43,PI608767,B84,5847,15.132,11.971,keep,13.5515
EL18_5848,2,49,44,PI562380,LH223,5848,14.289,13.867,keep,14.078
EL18_5849,2,49,45,Ames12734,NC236,5849,15.784,14.841,keep,15.3125
EL18_5850,2,49,46,PI607521,A661,5850,12.863,8.587,keep,10.725
EL18_5851,2,49,47,PI601190,Q381,5851,18.475,16.557,keep,17.516
